home_win,home_team_tricode,away_team_tricode,home_team_score,away_team_score,arena,gameTimeET,duration,attendance,sellout
,UTA,MIN,104,114,Delta Center,2024-03-18T21:00:00Z,2:03,18206,1
,DAL,BKN,125,120,American Airlines Center,2023-10-27T20:30:00Z,2:14,20238,1
,LAL,BKN,112,130,Crypto.com Arena,2024-01-19T22:30:00Z,2:11,18997,1
,IND,BKN,121,100,Gainbridge Fieldhouse,2024-03-16T19:00:00Z,2:14,17009,0
,DEN,POR,112,103,Ball Arena,2024-02-04T20:30:00Z,2:01,19715,1
,SAC,UTA,125,104,Golden 1 Center,2023-12-16T22:00:00Z,2:06,17794,1
,WAS,LAL,120,125,Capital One Arena,2024-04-03T19:00:00Z,2:14,20333,1
,NOP,OKC,112,119,Smoothie King Center,2024-03-26T20:00:00Z,2:11,17436,1
,CHA,NYK,92,113,Spectrum Center,2024-01-29T19:00:00Z,2:04,15546,0
,GSW,OKC,123,130,Chase Center,2023-11-18T20:30:00Z,2:26,18064,1
,OKC,POR,139,77,Paycom Center,2024-01-11T20:00:00Z,1:59,15828,0
,LAC,MEM,101,105,Crypto.com Arena,2023-11-12T15:30:00Z,2:26,17220,0
,PHI,NYK,92,128,Wells Fargo Center,2024-01-05T19:30:00Z,2:21,20461,0
,ATL,CLE,112,101,State Farm Arena,2024-03-06T19:30:00Z,2:03,15841,0
,CHI,ORL,94,96,United Center,2023-11-15T20:00:00Z,2:20,19092,0
,UTA,DEN,95,111,Delta Center,2024-04-09T21:00:00Z,1:58,18206,1
,MIL,IND,140,126,Fiserv Forum,2023-12-13T20:00:00Z,2:49,17431,1
,MIL,CHA,120,84,Fiserv Forum,2024-02-09T20:00:00Z,2:08,17690,1
,BKN,CHI,118,109,Barclays Center,2023-11-26T19:30:00Z,2:04,16687,0
,LAC,BKN,125,114,Crypto.com Arena,2024-01-21T15:30:00Z,2:20,19370,1
,DET,BOS,102,129,Little Caesars Arena,2024-03-22T19:00:00Z,1:60,19994,0
,PHI,UTA,109,120,Wells Fargo Center,2024-01-06T19:30:00Z,2:13,20278,1
,PHI,IND,137,126,Wells Fargo Center,2023-11-12T18:00:00Z,2:06,19758,1
,SAC,HOU,104,112,Golden 1 Center,2024-03-10T18:00:00Z,2:19,18022,1
,SAC,CHI,109,113,Golden 1 Center,2024-03-04T22:00:00Z,2:19,17832,1
,WAS,PHI,113,119,Capital One Arena,2024-02-10T19:00:00Z,2:13,20333,1
,SAC,BKN,131,118,Golden 1 Center,2023-12-11T22:00:00Z,2:11,17794,1
,GSW,UTA,118,110,Chase Center,2024-04-07T20:30:00Z,2:07,18064,1
,MIL,BKN,115,108,Fiserv Forum,2024-03-21T20:00:00Z,2:17,17341,1
,NOP,UTA,153,124,Smoothie King Center,2024-01-23T20:00:00Z,2:06,16032,0
,BOS,ATL,113,103,TD Garden,2023-11-26T18:00:00Z,2:08,19156,1
,LAC,OKC,128,117,Crypto.com Arena,2024-01-16T22:00:00Z,2:20,19370,1
,TOR,PHI,107,114,Scotiabank Arena,2023-10-28T19:30:00Z,2:10,19800,1
,MIN,UTA,123,95,Target Center,2023-11-04T20:00:00Z,2:10,18024,1
,ORL,CHA,112,92,Kia Center,2024-03-19T19:00:00Z,2:02,18846,1
,MIA,ATL,108,109,Kaseya Center,2024-01-19T20:00:00Z,2:34,20040,1
,CHA,ORL,124,115,Spectrum Center,2024-04-05T19:00:00Z,2:14,16374,0
,TOR,CHA,114,99,Scotiabank Arena,2023-12-18T19:30:00Z,2:05,19288,0
,DET,ORL,99,111,Little Caesars Arena,2024-02-04T15:00:00Z,2:08,17982,0
,TOR,DET,142,113,Scotiabank Arena,2023-11-19T16:00:00Z,2:12,19182,0
,SAS,POR,116,100,Frost Bank Center,2024-01-26T21:30:00Z,2:09,17274,0
,WAS,BKN,119,122,Capital One Arena,2024-03-27T19:00:00Z,2:23,15159,0
,PHX,TOR,120,113,Footprint Center,2024-03-07T21:00:00Z,2:14,17071,1
,PHX,POR,109,88,Footprint Center,2024-01-01T21:00:00Z,2:12,17071,1
,DEN,DAL,125,114,Ball Arena,2023-11-03T22:00:00Z,2:18,19729,1
,ORL,MIN,92,113,Kia Center,2024-01-09T19:00:00Z,2:08,19223,1
,DAL,CHA,124,118,American Airlines Center,2023-11-05T19:30:00Z,2:22,20052,1
,MIL,CHA,123,85,Fiserv Forum,2024-02-27T20:00:00Z,2:01,17607,1
,MEM,MIL,113,110,FedExForum,2024-02-15T20:30:00Z,2:29,16544,0
,DAL,DET,89,107,American Airlines Center,2024-04-12T20:30:00Z,1:54,20274,1
,CHI,NOP,124,118,United Center,2023-12-02T20:00:00Z,2:15,20511,0
,GSW,SAS,118,112,Chase Center,2023-11-24T22:00:00Z,2:24,18064,1
,NYK,MIL,129,122,Madison Square Garden,2023-12-25T12:00:00Z,2:24,19812,1
,DAL,GSW,109,99,American Airlines Center,2024-03-13T20:30:00Z,2:14,20411,1
,MIN,SAS,102,94,Target Center,2023-12-06T19:30:00Z,2:14,18024,1
,PHI,MIL,98,119,Wells Fargo Center,2024-02-25T13:00:00Z,2:14,19831,1
,LAC,ORL,118,102,Crypto.com Arena,2023-10-31T22:30:00Z,2:17,14014,0
,MEM,NYK,94,106,FedExForum,2024-01-13T20:00:00Z,2:03,16598,0
,OKC,LAL,120,129,Paycom Center,2023-12-23T20:00:00Z,2:08,18203,1
,WAS,CLE,106,114,Capital One Arena,2024-02-07T19:00:00Z,2:14,15860,0
,MIL,ORL,118,114,Fiserv Forum,2023-12-21T20:00:00Z,2:25,17928,1
,OKC,DEN,105,100,Paycom Center,2024-01-31T20:00:00Z,2:16,16723,0
,MIL,NYK,109,122,Fiserv Forum,2024-04-07T19:00:00Z,2:15,17536,1
,PHI,OKC,109,105,Wells Fargo Center,2024-04-02T19:30:00Z,2:24,20733,1
,DET,MEM,102,116,Little Caesars Arena,2023-12-06T19:00:00Z,1:59,12862,0
,LAC,MIN,100,118,Crypto.com Arena,2024-03-12T22:00:00Z,2:18,19370,1
,BKN,MIL,122,144,Barclays Center,2023-12-27T19:30:00Z,2:16,18199,1
,IND,DET,136,113,Gainbridge Fieldhouse,2023-11-24T20:00:00Z,2:14,17274,1
,MIL,SAC,143,142,Fiserv Forum,2024-01-14T19:00:00Z,2:41,17612,1
,IND,CHI,105,112,Gainbridge Fieldhouse,2023-10-30T19:00:00Z,2:26,15021,0
,UTA,CHA,107,115,Delta Center,2024-02-22T21:00:00Z,2:14,18206,1
,POR,WAS,117,118,Moda Center,2023-12-21T22:00:00Z,2:23,18690,0
,SAS,GSW,113,117,Frost Bank Center,2024-03-31T19:00:00Z,2:11,18718,1
,MIN,ORL,106,108,Target Center,2024-02-02T20:00:00Z,2:16,18024,1
,BOS,BKN,121,107,TD Garden,2023-11-10T19:30:00Z,2:11,19156,1
,DET,TOR,129,127,Little Caesars Arena,2023-12-30T18:00:00Z,2:25,18411,0
,MEM,ATL,92,99,FedExForum,2024-03-08T20:00:00Z,2:11,16667,0
,LAL,WAS,134,131,Crypto.com Arena,2024-02-29T22:30:00Z,2:23,18997,1
,OKC,ATL,126,117,Paycom Center,2023-11-06T20:00:00Z,2:17,16486,0
,LAL,LAC,106,103,Crypto.com Arena,2024-01-07T21:30:00Z,2:17,18997,1
,SAS,DET,123,95,Frost Bank Center,2024-04-14T15:30:00Z,1:55,18516,1
,DEN,SAC,98,102,Ball Arena,2024-02-14T21:00:00Z,2:15,19617,1
,UTA,GSW,107,129,Delta Center,2024-02-12T21:00:00Z,2:07,18206,1
,DET,IND,123,131,Little Caesars Arena,2023-12-11T19:00:00Z,2:12,14988,0
,GSW,BKN,124,120,Chase Center,2023-12-16T20:30:00Z,2:14,18064,1
,MIN,ATL,109,106,Target Center,2024-04-12T20:00:00Z,2:23,18024,1
,CLE,MIL,135,95,Rocket Mortgage FieldHouse,2024-01-17T19:30:00Z,2:02,19432,1
,DET,CHI,118,102,Little Caesars Arena,2023-10-28T19:00:00Z,2:11,20062,1
,HOU,CHA,128,119,Toyota Center,2023-11-01T20:00:00Z,2:08,16263,0
,ATL,ORL,109,92,State Farm Arena,2024-02-25T19:00:00Z,2:06,17173,1
,POR,DAL,112,125,Moda Center,2023-12-08T22:00:00Z,2:16,18762,0
,NOP,LAC,112,104,Smoothie King Center,2024-03-15T20:00:00Z,2:09,18865,1
,POR,SAS,134,128,Moda Center,2023-12-29T22:00:00Z,2:14,18861,0
,BKN,CLE,113,114,Barclays Center,2023-10-25T19:30:00Z,2:18,17931,1
,LAC,DET,112,106,Crypto.com Arena,2024-02-10T15:30:00Z,2:13,19370,1
,BOS,CLE,116,107,TD Garden,2023-12-14T19:30:00Z,2:07,19156,1
,CLE,MEM,110,98,Rocket Mortgage FieldHouse,2024-04-10T19:00:00Z,2:09,19432,1
,CLE,NYK,98,107,Rocket Mortgage FieldHouse,2024-03-03T19:00:00Z,2:07,19432,1
,ATL,MIA,109,117,State Farm Arena,2023-11-11T19:30:00Z,2:13,17722,1
,GSW,NOP,105,141,Chase Center,2024-01-10T20:30:00Z,2:20,18064,1
,CLE,DET,108,100,Rocket Mortgage FieldHouse,2023-11-17T19:30:00Z,2:05,19432,1
,MEM,SAS,106,98,FedExForum,2024-01-02T20:00:00Z,2:20,17794,1
,DET,CHA,114,97,Little Caesars Arena,2024-03-11T19:00:00Z,2:07,18003,0
,GSW,MIL,125,90,Chase Center,2024-03-06T22:00:00Z,2:11,18064,1
,ATL,IND,108,126,State Farm Arena,2024-01-12T19:30:00Z,2:05,15596,0
,HOU,LAL,128,94,Toyota Center,2023-11-08T20:00:00Z,2:12,18055,1
,ORL,ATL,117,110,Kia Center,2024-01-07T18:00:00Z,2:35,19349,1
,TOR,GSW,105,120,Scotiabank Arena,2024-03-01T19:30:00Z,2:10,19800,1
,ATL,NOP,103,116,State Farm Arena,2024-03-10T18:00:00Z,2:02,17695,1
,SAC,ORL,138,135,Golden 1 Center,2024-01-03T22:00:00Z,2:59,17832,1
,LAL,MEM,134,107,Crypto.com Arena,2023-11-14T22:30:00Z,2:15,18430,0
,MIA,LAC,95,103,Kaseya Center,2024-02-04T18:00:00Z,2:17,19855,1
,SAC,WAS,143,131,Golden 1 Center,2023-12-18T22:00:00Z,2:17,17794,1
,CHI,NYK,108,100,United Center,2024-04-05T20:00:00Z,2:16,21599,1
,NYK,NOP,92,115,Madison Square Garden,2024-02-27T19:30:00Z,2:08,19812,1
,ORL,LAL,120,101,Amway Center,2023-11-04T19:00:00Z,2:21,18846,1
,UTA,IND,132,105,Delta Center,2024-01-15T21:00:00Z,2:16,18206,1
,MEM,NOP,104,111,FedExForum,2023-10-25T20:00:00Z,2:21,17798,1
,BOS,DET,128,122,TD Garden,2023-12-28T19:30:00Z,2:31,19156,1
,MEM,OKC,112,118,FedExForum,2024-03-16T20:00:00Z,2:19,17012,0
,LAL,NOP,133,89,T-Mobile Arena,2023-12-07T21:00:00Z,2:12,18017,1
,DET,NOP,101,114,Little Caesars Arena,2024-03-24T15:00:00Z,2:09,19922,0
,IND,PHX,133,131,Gainbridge Fieldhouse,2024-01-26T19:00:00Z,2:17,17274,1
,BKN,CHA,128,129,Barclays Center,2023-11-30T19:30:00Z,2:01,16072,0
,MIL,MIA,97,123,Fiserv Forum,2024-02-13T20:00:00Z,2:06,17520,1
,UTA,POR,118,113,Delta Center,2023-12-02T21:30:00Z,2:29,18206,1
,POR,UTA,114,122,Moda Center,2023-12-14T22:00:00Z,2:07,17842,0
,MIL,ORL,117,99,Fiserv Forum,2024-04-10T20:00:00Z,2:12,17563,1
,PHI,NOP,95,103,Wells Fargo Center,2024-03-08T19:00:00Z,2:14,19777,1
,HOU,MEM,111,91,Toyota Center,2023-11-22T20:00:00Z,2:18,18055,1
,MIA,PHX,105,118,Kaseya Center,2024-01-29T19:30:00Z,2:12,19600,1
,SAS,NYK,130,126,Frost Bank Center,2024-03-29T20:00:00Z,2:37,18604,1
,CHA,OKC,118,121,Spectrum Center,2024-04-07T18:00:00Z,2:13,16556,0
,DET,UTA,111,119,Little Caesars Arena,2023-12-21T19:00:00Z,2:08,18122,0
,UTA,OKC,124,117,Delta Center,2024-02-06T21:00:00Z,2:08,18206,1
,SAS,CHI,116,122,Frost Bank Center,2024-01-13T20:30:00Z,2:08,18354,1
,BOS,IND,155,104,TD Garden,2023-11-01T19:30:00Z,2:03,19156,1
,BKN,CHI,125,108,Barclays Center,2024-03-29T19:30:00Z,2:13,17894,1
,BKN,PHX,120,136,Barclays Center,2024-01-31T20:30:00Z,2:22,17732,1
,ATL,BKN,147,145,State Farm Arena,2023-11-22T19:30:00Z,2:37,17340,1
,SAC,DET,120,133,Golden 1 Center,2024-02-07T22:00:00Z,2:10,17832,1
,GSW,BOS,132,126,Chase Center,2023-12-19T22:00:00Z,2:24,18064,1
,PHI,BKN,121,136,Wells Fargo Center,2024-02-03T18:00:00Z,2:12,20673,1
,NOP,SAS,109,111,Smoothie King Center,2024-04-05T20:00:00Z,2:02,17422,1
,IND,BKN,133,111,Gainbridge Fieldhouse,2024-04-01T19:00:00Z,2:20,16522,0
,IND,CHI,129,132,Gainbridge Fieldhouse,2024-03-13T19:30:00Z,2:44,17274,1
,MIN,UTA,101,90,Target Center,2023-11-30T20:00:00Z,2:03,18024,1
,WAS,MIN,107,118,Capital One Arena,2024-01-24T19:00:00Z,2:20,15446,0
,MIN,GSW,114,110,Target Center,2024-03-24T19:00:00Z,2:19,18024,1
,CLE,IND,129,120,Rocket Mortgage FieldHouse,2024-04-12T19:30:00Z,2:11,19432,1
,CHA,PHI,82,135,Spectrum Center,2023-12-16T19:00:00Z,2:01,17829,0
,HOU,NYK,105,103,Toyota Center,2024-02-12T20:00:00Z,2:26,16790,0
,MIA,HOU,120,113,Kaseya Center,2024-01-08T19:30:00Z,2:19,19694,1
,PHI,BOS,106,103,Wells Fargo Center,2023-11-08T19:00:00Z,2:11,19953,1
,WAS,OKC,128,136,Capital One Arena,2024-01-08T19:00:00Z,2:15,15297,0
,IND,UTA,134,118,Gainbridge Fieldhouse,2023-11-08T19:00:00Z,2:09,14509,0
,OKC,LAL,133,110,Paycom Center,2023-11-30T20:00:00Z,2:08,17401,0
,MIA,MEM,96,105,Kaseya Center,2024-01-24T19:30:00Z,2:13,19600,1
,MIL,OKC,118,93,Fiserv Forum,2024-03-24T19:00:00Z,2:08,17912,1
,NYK,BKN,111,107,Madison Square Garden,2024-04-12T19:30:00Z,2:15,19812,1
,MIL,DET,146,114,Fiserv Forum,2023-12-16T18:00:00Z,2:13,17666,1
,TOR,SAS,99,122,Scotiabank Arena,2024-02-12T19:30:00Z,2:05,19800,1
,MIA,DEN,88,100,Kaseya Center,2024-03-13T19:30:00Z,2:06,19921,1
,CLE,PHI,117,114,Rocket Mortgage FieldHouse,2024-03-29T19:30:00Z,2:19,19432,1
,WAS,LAC,109,125,Capital One Arena,2024-01-31T19:00:00Z,2:06,17201,0
,ORL,DEN,124,119,Amway Center,2023-11-22T19:00:00Z,2:22,18237,0
,IND,GSW,109,131,Gainbridge Fieldhouse,2024-02-08T19:00:00Z,2:08,17274,1
,POR,PHX,109,104,Moda Center,2023-12-19T22:00:00Z,2:17,18233,0
,ATL,GSW,141,134,State Farm Arena,2024-02-03T19:30:00Z,2:31,17600,1
,MIL,TOR,111,117,Fiserv Forum,2024-04-05T20:00:00Z,2:21,17750,1
,DET,MEM,108,110,Little Caesars Arena,2024-04-01T19:00:00Z,2:09,19999,0
,UTA,LAL,132,125,Delta Center,2024-01-13T21:30:00Z,2:18,18206,1
,MIA,BKN,105,109,Kaseya Center,2023-11-01T19:30:00Z,2:14,19600,1
,IND,TOR,131,132,Gainbridge Fieldhouse,2023-11-22T19:30:00Z,2:19,17091,0
,BKN,UTA,147,114,Barclays Center,2024-01-29T19:30:00Z,2:10,16054,0
,DEN,MIN,98,111,Ball Arena,2024-03-29T21:00:00Z,2:15,19844,1
,BOS,POR,124,107,TD Garden,2024-04-07T18:00:00Z,1:51,19156,1
,CLE,NOP,104,123,Rocket Mortgage FieldHouse,2023-12-21T19:30:00Z,1:55,19432,1
,PHX,MIL,114,106,Footprint Center,2024-02-06T22:00:00Z,2:35,17071,1
,SAC,SAS,131,129,Golden 1 Center,2024-03-07T22:00:00Z,2:16,17968,1
,POR,DEN,111,114,Moda Center,2024-03-23T22:00:00Z,2:22,18629,0
,TOR,LAC,107,127,Scotiabank Arena,2024-01-26T19:30:00Z,2:11,19800,1
,MIA,IND,142,132,Kaseya Center,2023-11-30T19:30:00Z,2:33,19604,1
,ORL,OKC,113,127,Kia Center,2024-02-13T19:30:00Z,2:18,19301,1
,PHX,MEM,116,109,Footprint Center,2023-12-02T21:00:00Z,2:27,17071,1
,DEN,BKN,124,101,Ball Arena,2023-12-14T21:00:00Z,2:13,19636,1
,OKC,SAS,127,89,Paycom Center,2024-04-10T20:00:00Z,1:56,17229,0
,BOS,PHI,117,99,TD Garden,2024-02-27T19:30:00Z,2:17,19156,1
,NOP,ATL,105,123,Smoothie King Center,2023-11-04T19:00:00Z,2:06,17237,1
,LAL,OKC,112,105,Crypto.com Arena,2024-01-15T22:30:00Z,2:05,18997,1
,CHI,OKC,104,124,United Center,2023-10-25T20:00:00Z,2:05,21369,1
,DAL,CLE,110,113,American Airlines Center,2023-12-27T20:30:00Z,2:16,20377,1
,LAL,GSW,121,128,Crypto.com Arena,2024-03-16T20:30:00Z,2:25,18997,1
,MIN,HOU,111,90,Target Center,2024-02-04T19:00:00Z,2:16,18024,1
,LAL,NYK,109,114,Crypto.com Arena,2023-12-18T22:30:00Z,2:16,18997,1
,BOS,SAC,101,100,TD Garden,2024-04-05T19:30:00Z,2:03,19156,1
,PHI,SAC,112,93,Wells Fargo Center,2024-01-12T19:30:00Z,2:16,19766,1
,CHI,PHX,115,116,United Center,2023-11-08T20:00:00Z,2:35,18220,0
,BKN,POR,127,134,Barclays Center,2024-01-07T15:00:00Z,2:40,17732,1
,MEM,POR,92,122,FedExForum,2024-03-01T20:00:00Z,2:08,15493,0
,LAC,MIL,117,124,Crypto.com Arena,2024-03-10T15:00:00Z,2:19,19370,1
,SAS,MIL,121,125,Frost Bank Center,2024-01-04T19:30:00Z,2:17,19082,1
,CHA,MIL,99,130,Spectrum Center,2023-11-17T19:00:00Z,2:10,19258,1
,SAS,IND,117,105,Frost Bank Center,2024-03-03T19:00:00Z,2:15,18027,0
,BOS,TOR,117,94,TD Garden,2023-11-11T19:00:00Z,2:04,19156,1
,UTA,DEN,124,111,Delta Center,2024-01-10T22:00:00Z,2:23,18206,1
,TOR,BOS,105,108,Scotiabank Arena,2023-11-17T19:30:00Z,2:03,19800,1
,NOP,BKN,112,85,Smoothie King Center,2024-01-02T20:00:00Z,1:56,16253,0
,LAL,MIN,120,109,Crypto.com Arena,2024-03-10T21:30:00Z,2:15,18997,1
,UTA,CHI,117,119,Delta Center,2024-03-06T21:00:00Z,2:14,18206,1
,DAL,OKC,146,111,American Airlines Center,2024-02-10T15:00:00Z,2:14,20277,0
,UTA,NYK,117,113,Delta Center,2023-12-13T21:00:00Z,2:29,18206,1
,ATL,CHA,114,115,State Farm Arena,2024-04-10T19:30:00Z,2:09,16158,0
,NYK,HOU,109,94,Madison Square Garden,2024-01-17T19:30:00Z,2:16,19439,0
,WAS,MEM,113,106,Capital One Arena,2023-10-28T19:00:00Z,2:17,16191,0
,MIN,DEN,110,89,Target Center,2023-11-01T20:00:00Z,2:11,18024,1
,WAS,CLE,105,114,Capital One Arena,2024-02-25T18:00:00Z,2:14,17895,0
,BOS,NYK,133,123,TD Garden,2023-12-08T19:30:00Z,2:16,19156,1
,SAS,DEN,106,117,Moody Center,2024-03-15T20:30:00Z,2:07,16223,1
,PHX,CHA,133,119,Footprint Center,2023-12-29T21:00:00Z,2:10,17071,1
,ORL,HOU,116,86,Amway Center,2023-10-25T19:00:00Z,2:14,18846,1
,OKC,DAL,135,86,Paycom Center,2024-04-14T15:30:00Z,1:56,18203,1
,PHX,DET,116,100,Footprint Center,2024-02-14T21:00:00Z,2:16,17071,1
,DAL,WAS,112,104,American Airlines Center,2024-02-12T20:30:00Z,2:16,19921,1
,CHA,MIA,114,116,Spectrum Center,2023-12-11T19:00:00Z,2:23,15543,0
,MIN,IND,127,109,Target Center,2023-12-16T20:00:00Z,2:11,18024,1
,OKC,MIL,125,107,Paycom Center,2024-04-12T20:00:00Z,2:03,18203,0
,HOU,NOP,104,101,Toyota Center,2023-11-10T20:00:00Z,2:28,16236,0
,IND,NYK,140,126,Gainbridge Fieldhouse,2023-12-30T19:00:00Z,0:00,17274,1
,NYK,ORL,98,74,Madison Square Garden,2024-03-08T19:30:00Z,2:03,19812,1
,DET,CLE,100,110,Little Caesars Arena,2024-03-01T19:00:00Z,2:12,19299,0
,MIN,BOS,114,109,Target Center,2023-11-06T20:00:00Z,0:00,18024,1
,GSW,TOR,118,133,Chase Center,2024-01-07T20:30:00Z,2:00,18064,1
,MIN,LAL,118,111,Target Center,2023-12-21T21:00:00Z,2:17,18024,1
,MIN,CHI,101,109,Target Center,2024-03-31T19:00:00Z,2:05,18024,1
,OKC,CHA,126,106,Paycom Center,2024-02-02T20:00:00Z,2:04,17552,0
,TOR,MIA,103,112,Scotiabank Arena,2023-12-06T19:30:00Z,2:11,19084,0
,SAC,MIL,129,94,Golden 1 Center,2024-03-12T22:00:00Z,2:17,17832,1
,WAS,TOR,102,132,Capital One Arena,2023-12-27T19:00:00Z,2:06,15437,0
,TOR,CHI,121,108,Scotiabank Arena,2023-11-24T19:30:00Z,2:12,19800,1
,MIN,LAC,109,105,Target Center,2024-01-14T19:00:00Z,2:25,18024,1
,WAS,BOS,107,126,Capital One Arena,2023-10-30T19:00:00Z,2:07,17898,0
,DEN,WAS,130,110,Ball Arena,2024-02-22T21:00:00Z,2:03,19621,1
,CHI,CLE,95,109,United Center,2023-12-23T20:00:00Z,2:07,19583,0
,BOS,ATL,125,117,TD Garden,2024-02-07T19:30:00Z,1:58,19156,1
,OKC,LAC,134,115,Paycom Center,2023-12-21T20:00:00Z,2:08,18203,1
,POR,MIL,119,116,Moda Center,2024-01-31T22:00:00Z,2:24,19335,1
,PHX,NOP,105,113,Footprint Center,2024-04-07T18:00:00Z,2:12,17071,1
,NOP,PHX,111,124,Smoothie King Center,2024-04-01T20:00:00Z,2:14,17753,1
,MIN,SAC,111,124,Target Center,2023-11-24T20:00:00Z,2:11,18024,1
,SAC,MIN,98,110,Golden 1 Center,2023-12-23T22:00:00Z,2:05,17983,1
,POR,ATL,106,102,Moda Center,2024-03-13T22:00:00Z,2:11,18064,0
,CHI,CHA,111,100,United Center,2023-12-06T20:00:00Z,2:16,17689,0
,NYK,BOS,102,116,Madison Square Garden,2024-02-24T20:30:00Z,2:07,19812,1
,DET,POR,101,110,Little Caesars Arena,2023-11-01T19:00:00Z,2:09,16912,0
,MIL,GSW,129,118,Fiserv Forum,2024-01-13T20:00:00Z,2:09,18009,1
,POR,MIN,91,128,Moda Center,2024-02-15T22:00:00Z,2:11,18606,0
,SAS,DEN,121,120,Frost Bank Center,2024-04-12T20:00:00Z,2:08,18665,1
,MIA,IND,129,144,Kaseya Center,2023-12-02T20:00:00Z,2:17,19650,1
,DAL,MIA,114,108,American Airlines Center,2024-03-07T19:30:00Z,2:23,20221,1
,UTA,DAL,127,90,Delta Center,2024-01-01T21:00:00Z,2:05,18206,1
,POR,MEM,115,113,Moda Center,2023-11-03T22:00:00Z,2:41,18592,0
,DET,SAC,110,131,Little Caesars Arena,2024-01-09T19:00:00Z,2:12,13992,0
,CLE,GSW,115,104,Rocket Mortgage FieldHouse,2023-11-05T18:00:00Z,2:17,19432,1
,OKC,HOU,112,95,Paycom Center,2024-02-27T22:00:00Z,2:17,17164,0
,LAC,DEN,102,100,Crypto.com Arena,2024-04-04T22:00:00Z,2:33,19370,1
,OKC,MEM,116,97,Paycom Center,2023-12-18T20:00:00Z,2:07,16409,0
,WAS,PHX,112,140,Capital One Arena,2024-02-04T15:30:00Z,2:10,16984,0
,CLE,DEN,121,109,Rocket Mortgage FieldHouse,2023-11-19T18:00:00Z,2:05,19432,1
,NOP,OKC,83,107,Smoothie King Center,2024-01-26T20:00:00Z,2:01,18624,1
,ATL,POR,120,106,State Farm Arena,2024-03-27T19:30:00Z,2:07,16059,0
,DET,MIN,117,124,Little Caesars Arena,2024-01-17T19:00:00Z,2:07,16022,0
,MIN,MIA,106,90,Target Center,2023-10-28T20:00:00Z,2:07,18024,1
,DEN,CHI,123,101,Ball Arena,2023-11-04T21:00:00Z,2:09,19610,1
,LAL,ATL,136,105,Crypto.com Arena,2024-03-18T22:30:00Z,1:56,18997,1
,BOS,DEN,100,102,TD Garden,2024-01-19T19:30:00Z,2:13,19156,1
,ORL,CHI,114,108,Kia Center,2024-02-10T19:00:00Z,2:22,19459,1
,OKC,UTA,134,120,Paycom Center,2023-12-11T20:00:00Z,2:03,16631,0
,LAL,MIN,117,127,Crypto.com Arena,2024-04-07T22:00:00Z,2:05,18997,1
,HOU,CHI,127,117,Toyota Center,2024-03-21T20:00:00Z,2:19,17016,0
,OKC,POR,111,109,Paycom Center,2024-01-23T20:00:00Z,2:11,15874,0
,NYK,PHX,113,116,Madison Square Garden,2023-11-26T18:00:00Z,2:25,19812,1
,WAS,NYK,105,121,Capital One Arena,2024-01-06T19:00:00Z,2:11,20333,1
,CHI,DET,119,108,United Center,2023-11-12T19:00:00Z,2:12,19088,0
,ORL,IND,97,111,Kia Center,2024-03-10T18:00:00Z,2:19,19481,1
,UTA,WAS,127,115,Delta Center,2024-03-04T21:00:00Z,2:07,18206,1
,LAL,GSW,120,134,Crypto.com Arena,2024-04-09T22:00:00Z,2:15,18997,1
,HOU,MEM,117,104,Toyota Center,2023-12-13T20:00:00Z,2:19,16813,0
,TOR,HOU,107,104,Scotiabank Arena,2024-02-09T19:30:00Z,2:19,19800,1
,CLE,TOR,105,102,Rocket Mortgage FieldHouse,2023-11-26T19:30:00Z,2:16,19432,1
,ORL,MIA,105,87,Kia Center,2024-01-21T18:00:00Z,2:17,18102,0
,PHX,ATL,128,115,Footprint Center,2024-03-21T22:30:00Z,2:21,17071,1
,MIL,BOS,135,102,Fiserv Forum,2024-01-11T19:30:00Z,2:12,17781,1
,BKN,WAS,102,94,Barclays Center,2023-11-12T15:00:00Z,2:17,17732,1
,CLE,WAS,114,90,Rocket Mortgage FieldHouse,2024-01-05T19:30:00Z,2:05,19432,1
,WAS,ORL,109,119,Capital One Arena,2024-03-06T19:00:00Z,2:14,16018,0
,PHX,MIN,133,115,Footprint Center,2023-11-15T21:00:00Z,2:07,17071,1
,CHA,LAL,118,124,Spectrum Center,2024-02-05T19:00:00Z,2:02,19375,1
,LAC,NYK,144,122,Crypto.com Arena,2023-12-16T22:30:00Z,2:16,19370,1
,CHA,POR,86,89,Spectrum Center,2024-04-03T19:00:00Z,2:06,14209,0
,SAC,DAL,96,132,Golden 1 Center,2024-03-26T22:00:00Z,2:11,17832,1
,POR,CHI,96,104,Moda Center,2024-01-28T21:00:00Z,2:12,17899,0
,SAS,MEM,108,120,Frost Bank Center,2023-11-18T20:00:00Z,2:18,18354,1
,CHI,POR,110,107,United Center,2024-03-18T20:00:00Z,2:19,20293,0
,UTA,LAC,120,118,Delta Center,2023-10-27T21:30:00Z,2:16,18206,1
,POR,IND,118,115,Moda Center,2024-01-19T22:00:00Z,2:27,18595,0
,PHI,CHA,109,98,Wells Fargo Center,2024-03-16T19:00:00Z,2:15,19957,1
,POR,GSW,114,118,Moda Center,2023-12-17T21:00:00Z,2:15,18547,0
,NOP,TOR,138,100,Smoothie King Center,2024-02-05T20:00:00Z,1:60,17429,1
,NOP,ORL,108,117,Smoothie King Center,2024-04-03T20:00:00Z,2:17,16427,0
,LAC,SAC,107,123,Crypto.com Arena,2024-02-25T21:30:00Z,2:14,19370,1
,TOR,MIA,121,97,Scotiabank Arena,2024-01-17T19:30:00Z,2:01,19631,0
,DAL,CHI,114,105,American Airlines Center,2023-11-01T20:30:00Z,2:07,20103,1
,ATL,SAC,110,117,State Farm Arena,2023-12-29T19:30:00Z,2:09,18305,1
,DEN,LAL,119,107,Ball Arena,2023-10-24T19:30:00Z,2:17,19842,1
,MIA,CLE,99,111,Kaseya Center,2023-12-08T20:00:00Z,2:12,19600,1
,DET,MIA,95,108,Little Caesars Arena,2024-03-15T19:00:00Z,2:01,19894,0
,ORL,MIL,112,97,Amway Center,2023-11-11T18:00:00Z,2:25,19354,1
,PHX,MIA,113,97,Footprint Center,2024-01-05T21:00:00Z,2:07,17071,1
,CHI,HOU,124,119,United Center,2024-01-10T20:00:00Z,2:35,21149,1
,PHX,HOU,109,118,Footprint Center,2024-03-02T21:00:00Z,2:33,17071,1
,CHI,DAL,92,127,United Center,2024-03-11T20:00:00Z,1:58,21363,1
,POR,LAL,95,107,Moda Center,2023-11-17T22:00:00Z,2:09,18570,0
,IND,MIL,142,130,Gainbridge Fieldhouse,2024-01-03T19:00:00Z,2:35,17274,1
,LAC,SAC,119,99,Crypto.com Arena,2023-12-12T22:30:00Z,2:11,17060,0
,MIA,BOS,106,110,Kaseya Center,2024-02-11T14:00:00Z,2:22,20049,1
,MIL,BOS,104,91,Fiserv Forum,2024-04-09T19:30:00Z,1:58,17493,1
,BKN,ATL,114,102,Barclays Center,2024-03-02T15:00:00Z,2:18,18075,1
,MIA,ORL,99,96,Kaseya Center,2024-01-12T20:00:00Z,2:26,19650,1
,MIL,DET,120,118,Fiserv Forum,2023-11-08T20:00:00Z,2:21,17341,1
,MEM,TOR,111,116,FedExForum,2024-01-03T20:00:00Z,2:14,16385,0
,BKN,ORL,124,104,Barclays Center,2023-11-14T19:30:00Z,2:07,17361,0
,NYK,ATL,100,116,Madison Square Garden,2024-03-05T19:30:00Z,2:07,19812,1
,POR,TOR,128,118,Moda Center,2024-03-09T22:00:00Z,2:24,18117,0
,PHI,PHX,112,100,Wells Fargo Center,2023-11-04T13:00:00Z,2:17,19796,1
,BKN,MIA,95,96,Barclays Center,2024-01-15T19:30:00Z,2:28,17893,1
,PHI,POR,126,98,Wells Fargo Center,2023-10-29T19:30:00Z,2:12,19768,1
,SAC,MIA,110,121,Golden 1 Center,2024-02-26T22:00:00Z,2:08,17832,1
,UTA,MIN,100,119,Delta Center,2024-03-16T21:30:00Z,2:08,18206,1
,CHA,DET,99,111,Spectrum Center,2023-10-27T19:00:00Z,2:25,15855,0
,POR,SAS,105,118,Moda Center,2023-12-28T22:00:00Z,2:16,19335,1
,MIA,BOS,110,143,Kaseya Center,2024-01-25T19:30:00Z,2:02,20074,1
,TOR,PHX,112,105,Scotiabank Arena,2023-11-29T19:30:00Z,2:12,19800,1
,ATL,CHA,132,91,State Farm Arena,2024-03-23T19:30:00Z,1:59,17900,1
,DEN,MIN,116,107,Ball Arena,2024-04-10T22:00:00Z,2:21,19845,1
,POR,MIN,109,121,Moda Center,2024-02-13T22:00:00Z,2:12,17906,0
,LAC,GSW,121,113,Crypto.com Arena,2023-12-14T22:30:00Z,2:19,19370,1
,BKN,MIL,125,129,Barclays Center,2023-11-06T19:30:00Z,2:20,17935,1
,DET,SAS,108,130,Little Caesars Arena,2024-01-10T19:00:00Z,2:06,17833,0
,ATL,MIL,113,122,State Farm Arena,2024-03-30T19:30:00Z,2:26,17700,1
,POR,UTA,121,105,Moda Center,2023-11-22T22:00:00Z,2:08,17819,0
,DEN,MIL,113,107,Ball Arena,2024-01-29T21:00:00Z,2:20,19801,1
,DAL,LAC,111,120,American Airlines Center,2023-12-20T20:30:00Z,2:19,20310,1
,DET,LAC,125,136,Little Caesars Arena,2024-02-02T19:00:00Z,2:06,19122,0
,NYK,MEM,123,113,Madison Square Garden,2024-02-06T19:30:00Z,2:06,19013,0
,DEN,SAS,110,105,Ball Arena,2024-04-02T21:00:00Z,2:11,19741,1
,IND,MIA,117,115,Gainbridge Fieldhouse,2024-04-07T17:00:00Z,2:28,17274,1
,MIL,PHI,114,105,Fiserv Forum,2024-03-14T20:00:00Z,2:15,17635,1
,NYK,UTA,118,103,Madison Square Garden,2024-01-30T19:30:00Z,2:04,19133,0
,MIN,NYK,117,100,Target Center,2023-11-20T20:00:00Z,2:19,18024,1
,ATL,BOS,123,122,State Farm Arena,2024-03-28T19:30:00Z,2:24,17743,1
,PHX,MIN,97,87,Footprint Center,2024-04-05T22:00:00Z,2:08,17071,1
,ORL,SAS,127,111,Kia Center,2024-02-08T19:00:00Z,2:15,19074,1
,CLE,UTA,124,116,Rocket Mortgage FieldHouse,2023-12-20T19:00:00Z,2:08,19432,1
,NOP,GSW,102,130,Smoothie King Center,2023-10-30T20:00:00Z,2:08,17286,1
,WAS,DET,117,129,Capital One Arena,2024-01-15T15:00:00Z,2:07,15156,0
,CHI,WAS,105,107,United Center,2024-03-25T20:00:00Z,2:19,21726,1
,TOR,NYK,106,119,Scotiabank Arena,2023-12-01T19:30:00Z,2:13,19800,1
,GSW,ATL,134,112,Chase Center,2024-01-24T22:00:00Z,2:07,18064,1
,PHX,NYK,122,139,Footprint Center,2023-12-15T22:00:00Z,2:22,17071,1
,ATL,CHI,126,136,State Farm Arena,2024-02-12T19:30:00Z,2:14,16524,0
,MEM,DAL,113,120,FedExForum,2023-12-11T20:00:00Z,2:11,16379,0
,WAS,CHI,127,129,Capital One Arena,2024-04-12T19:00:00Z,2:20,20333,1
,DET,DAL,124,142,Little Caesars Arena,2024-03-09T19:00:00Z,2:18,20062,1
,PHI,TOR,114,99,Wells Fargo Center,2023-11-02T19:00:00Z,2:16,19773,1
,POR,BKN,105,103,Moda Center,2024-01-17T22:00:00Z,2:13,17021,0
,CHI,TOR,104,103,United Center,2023-10-27T20:00:00Z,2:45,19555,0
,SAS,BKN,122,115,Moody Center,2024-03-17T19:00:00Z,2:35,16057,1
,CHI,MEM,125,96,United Center,2024-01-20T20:00:00Z,2:06,21441,1
,BOS,OKC,135,100,TD Garden,2024-04-03T19:30:00Z,2:14,19156,1
,CLE,SAC,136,110,Rocket Mortgage FieldHouse,2024-02-05T19:00:00Z,2:08,19432,1
,BOS,ORL,114,97,TD Garden,2023-12-17T15:00:00Z,2:10,19156,1
,DAL,SAC,115,120,American Airlines Center,2024-01-27T21:00:00Z,2:23,20373,1
,GSW,OKC,109,128,Chase Center,2023-11-16T22:00:00Z,2:10,18064,1
,DEN,MEM,128,103,Ball Arena,2024-03-25T21:00:00Z,2:15,19536,1
,HOU,MIN,95,122,Toyota Center,2024-01-05T20:00:00Z,2:04,18055,1
,MIL,CHI,118,109,Fiserv Forum,2023-11-13T20:00:00Z,2:16,17865,1
,DEN,PHX,107,117,Ball Arena,2024-03-05T22:00:00Z,2:25,19589,1
,NYK,PHI,106,79,Madison Square Garden,2024-03-12T19:30:00Z,2:11,19812,1
,TOR,ATL,135,128,Scotiabank Arena,2023-12-13T19:30:00Z,2:19,19423,0
,BOS,WAS,133,129,TD Garden,2024-02-09T19:30:00Z,2:14,19156,1
,MIN,WAS,130,121,Target Center,2024-04-09T20:00:00Z,2:12,18024,1
,POR,LAC,117,125,Moda Center,2024-03-22T22:00:00Z,2:06,18660,0
,UTA,NOP,114,112,Delta Center,2023-11-27T21:00:00Z,2:18,18206,1
,DET,MIL,113,122,Little Caesars Arena,2024-01-22T19:00:00Z,2:19,17201,0
,DEN,GSW,108,105,Ball Arena,2023-11-08T22:00:00Z,2:21,19737,0
,IND,BOS,101,118,Gainbridge Fieldhouse,2024-01-06T19:00:00Z,2:11,17274,1
,DEN,NOP,125,113,Ball Arena,2024-01-12T22:00:00Z,2:16,19638,1
,CHA,ORL,89,101,Spectrum Center,2024-03-05T19:00:00Z,2:08,15928,0
,GSW,MIN,110,116,Chase Center,2023-11-12T20:30:00Z,2:25,18064,1
,CHA,DAL,104,130,Spectrum Center,2024-04-09T19:00:00Z,2:01,17425,0
,NYK,IND,111,125,Madison Square Garden,2024-02-10T19:30:00Z,2:06,19812,1
,BOS,CLE,120,113,TD Garden,2023-12-12T19:30:00Z,2:03,19156,1
,MIN,CHA,125,128,Target Center,2024-01-22T20:00:00Z,2:11,18024,1
,BKN,MIA,112,97,Barclays Center,2023-11-25T18:00:00Z,2:11,17817,1
,GSW,MEM,137,116,Chase Center,2024-03-20T22:00:00Z,2:12,18064,1
,DET,IND,103,122,Little Caesars Arena,2024-03-20T19:00:00Z,2:09,19897,0
,PHX,UTA,126,104,Footprint Center,2023-10-28T22:00:00Z,2:13,17071,1
,UTA,OKC,129,134,Delta Center,2024-01-18T21:00:00Z,2:24,18206,1
,DAL,DEN,107,105,American Airlines Center,2024-03-17T15:30:00Z,2:20,20377,1
,ATL,DET,130,124,State Farm Arena,2023-12-18T19:30:00Z,2:25,17664,1
,DAL,MIL,117,129,American Airlines Center,2024-02-03T20:30:00Z,2:18,20377,1
,HOU,GSW,110,133,Toyota Center,2024-04-04T20:00:00Z,2:13,18055,1
,MIN,DET,106,91,Target Center,2024-03-27T20:00:00Z,2:02,18024,1
,CHA,BOS,121,118,Spectrum Center,2023-11-20T19:00:00Z,2:20,19134,1
,CHA,UTA,122,134,Spectrum Center,2024-01-27T19:00:00Z,2:04,17633,0
,PHX,ORL,112,107,Footprint Center,2023-12-31T20:00:00Z,2:05,17071,1
,IND,MIN,111,113,Gainbridge Fieldhouse,2024-03-07T19:00:00Z,2:24,16580,0
,CHI,CLE,132,123,United Center,2024-02-28T20:00:00Z,2:44,21700,1
,DAL,MEM,103,120,American Airlines Center,2024-01-09T20:30:00Z,2:18,20116,1
,DET,GSW,109,120,Little Caesars Arena,2023-11-06T19:00:00Z,2:09,20062,1
,CLE,CHA,110,120,Rocket Mortgage FieldHouse,2024-04-14T13:00:00Z,1:48,19432,1
,DAL,PHX,123,113,American Airlines Center,2024-02-22T19:30:00Z,2:25,20377,1
,BOS,ORL,128,111,TD Garden,2023-12-15T19:30:00Z,2:07,19156,1
,PHI,MIA,104,109,Wells Fargo Center,2024-02-14T19:00:00Z,2:13,20015,1
,DET,CLE,101,110,Little Caesars Arena,2023-12-02T19:00:00Z,2:06,18924,0
,UTA,HOU,124,121,Delta Center,2024-04-11T21:00:00Z,2:18,18206,1
,SAC,LAL,120,107,Golden 1 Center,2024-03-13T22:00:00Z,2:13,18332,1
,CHA,TOR,119,116,Spectrum Center,2023-12-08T19:00:00Z,2:17,11526,0
,NYK,CHA,115,91,Madison Square Garden,2023-11-28T19:30:00Z,2:03,19111,0
,WAS,ORL,119,127,Capital One Arena,2023-12-26T19:00:00Z,2:23,16293,0
,CLE,NYK,91,109,Rocket Mortgage FieldHouse,2023-10-31T19:30:00Z,2:14,19432,1
,BOS,HOU,145,113,TD Garden,2024-01-13T19:00:00Z,2:07,19156,1
,GSW,CHA,97,84,Chase Center,2024-02-23T22:00:00Z,2:08,18064,1
,IND,ORL,110,117,Gainbridge Fieldhouse,2023-12-23T19:00:00Z,2:21,17274,1
,WAS,MIL,117,113,Capital One Arena,2024-04-02T19:00:00Z,2:13,16492,0
,BOS,LAL,105,114,TD Garden,2024-02-01T19:30:00Z,2:13,19156,1
,OKC,MIN,129,106,Paycom Center,2023-12-26T20:00:00Z,2:15,18203,1
,PHX,POR,120,107,Footprint Center,2023-11-21T21:00:00Z,2:14,17071,1
,SAC,POR,121,82,Golden 1 Center,2024-04-14T15:30:00Z,2:06,18037,1
,SAS,HOU,101,103,Frost Bank Center,2024-03-12T20:30:00Z,2:15,18751,1
,MEM,LAC,95,101,FedExForum,2024-02-23T20:00:00Z,2:12,17255,0
,POR,PHX,116,127,Moda Center,2024-01-14T21:00:00Z,2:14,18071,0
,ATL,MIN,127,113,State Farm Arena,2023-10-30T19:30:00Z,2:05,15504,0
,SAC,PHX,120,105,Golden 1 Center,2023-12-22T22:00:00Z,2:18,17794,1
,BKN,NYK,102,121,Barclays Center,2023-12-20T19:30:00Z,2:13,18071,1
,HOU,TOR,135,106,Toyota Center,2024-02-02T20:00:00Z,2:08,18055,1
,MIL,MIN,105,129,Fiserv Forum,2024-02-08T20:00:00Z,2:05,17577,1
,HOU,DAL,107,125,Toyota Center,2024-03-31T19:00:00Z,1:58,18055,1
,MEM,PHI,96,116,FedExForum,2024-04-06T20:00:00Z,2:15,17794,1
,LAL,MIL,123,122,Crypto.com Arena,2024-03-08T22:00:00Z,2:22,18997,1
,SAC,OKC,105,98,Golden 1 Center,2023-11-10T22:00:00Z,2:24,18097,1
,NOP,LAL,129,109,Smoothie King Center,2023-12-31T19:00:00Z,2:07,18434,1
,HOU,SAC,122,97,Toyota Center,2023-11-06T20:00:00Z,2:18,15130,0
,PHX,MEM,115,121,Footprint Center,2024-01-07T20:00:00Z,2:20,17071,1
,ORL,UTA,115,107,Kia Center,2024-02-29T19:00:00Z,2:15,17848,0
,BOS,BKN,136,86,TD Garden,2024-02-14T19:30:00Z,1:54,19156,1
,ORL,MIL,113,88,Kia Center,2024-04-14T13:00:00Z,2:09,18846,1
,PHI,WAS,146,101,Wells Fargo Center,2023-12-11T19:00:00Z,2:13,19762,1
,CLE,CHI,108,105,Rocket Mortgage FieldHouse,2024-02-14T19:30:00Z,2:20,19432,1
,NYK,CHI,120,119,Madison Square Garden,2024-04-14T13:00:00Z,2:35,19812,1
,ORL,CLE,104,94,Amway Center,2023-12-11T19:00:00Z,2:25,19032,1
,OKC,MIA,107,100,Paycom Center,2024-03-08T20:00:00Z,2:07,18203,1
,CHA,MIA,105,111,Spectrum Center,2023-11-14T19:00:00Z,2:14,15673,0
,OKC,BKN,124,108,Paycom Center,2023-12-31T19:00:00Z,2:19,18203,1
,CHI,UTA,130,113,United Center,2023-11-06T20:00:00Z,2:06,18031,0
,DEN,DET,131,114,Ball Arena,2024-01-07T20:00:00Z,2:16,19623,1
,BKN,ATL,124,97,Barclays Center,2024-02-29T19:30:00Z,2:05,17284,0
,GSW,WAS,129,118,Chase Center,2023-12-22T22:00:00Z,2:16,18064,1
,TOR,DEN,104,113,Scotiabank Arena,2023-12-20T19:30:00Z,1:57,19800,1
,MEM,GSW,101,121,FedExForum,2024-02-02T20:00:00Z,2:20,17794,1
,PHX,UTA,129,115,Footprint Center,2024-02-08T21:00:00Z,2:10,17071,1
,NYK,OKC,112,113,Madison Square Garden,2024-03-31T19:00:00Z,2:33,19812,1
,BKN,DET,113,103,Barclays Center,2024-04-06T19:00:00Z,2:08,17732,1
,NOP,MEM,115,116,Smoothie King Center,2023-12-26T20:00:00Z,2:52,18538,1
,PHI,CLE,119,122,Wells Fargo Center,2023-11-21T19:30:00Z,2:51,20565,1
,MIL,NYK,146,122,Fiserv Forum,2023-12-05T19:30:00Z,2:21,17448,1
,UTA,BOS,107,123,Delta Center,2024-03-12T21:00:00Z,2:00,18206,1
,HOU,PHX,114,110,Toyota Center,2024-02-23T20:00:00Z,2:32,18055,1
,PHI,HOU,124,115,Wells Fargo Center,2024-01-15T13:00:00Z,2:25,20822,1
,TOR,POR,91,99,Scotiabank Arena,2023-10-30T19:30:00Z,2:03,19266,0
,CHA,DEN,95,102,Spectrum Center,2023-12-23T19:00:00Z,2:09,19165,1
,TOR,LAL,111,128,Scotiabank Arena,2024-04-02T19:00:00Z,2:06,19800,1
,NYK,IND,109,105,Madison Square Garden,2024-02-01T19:30:00Z,2:17,19812,1
,BOS,PHX,127,112,TD Garden,2024-03-14T19:30:00Z,2:03,19156,1
,ORL,DET,123,91,Amway Center,2023-12-08T19:00:00Z,2:09,18655,0
,MIA,MIL,124,131,Kaseya Center,2023-11-28T19:30:00Z,2:30,19691,1
,DET,BKN,112,118,Little Caesars Arena,2023-12-26T19:00:00Z,2:27,19811,0
,PHX,SAS,114,115,Footprint Center,2023-10-31T22:00:00Z,2:28,17071,1
,ATL,WAS,99,127,State Farm Arena,2024-01-13T19:30:00Z,2:13,17108,1
,NOP,MIA,95,106,Smoothie King Center,2024-02-23T20:00:00Z,2:26,18658,1
,BOS,WAS,132,122,TD Garden,2024-04-14T13:00:00Z,2:02,19156,1
,CHI,BOS,112,129,United Center,2024-02-22T20:00:00Z,2:03,20313,0
,WAS,IND,137,123,Capital One Arena,2023-12-15T19:00:00Z,2:17,15208,0
,ORL,NYK,118,100,Kia Center,2024-02-14T19:00:00Z,2:08,19259,1
,BKN,ORL,129,101,Barclays Center,2023-12-02T19:00:00Z,2:20,17966,1
,POR,GSW,92,100,Moda Center,2024-04-11T22:00:00Z,2:06,19335,1
,NYK,MIN,112,106,Madison Square Garden,2024-01-01T15:00:00Z,2:28,19812,1
,IND,CLE,121,116,Gainbridge Fieldhouse,2023-11-03T19:00:00Z,2:20,16744,0
,DET,BKN,118,112,Little Caesars Arena,2024-03-07T19:00:00Z,2:14,19011,0
,DEN,SAC,117,96,Ball Arena,2024-02-28T21:00:00Z,2:03,19628,1
,NYK,POR,112,84,Madison Square Garden,2024-01-09T19:30:00Z,2:05,19812,1
,POR,MEM,100,112,Moda Center,2023-11-05T21:00:00Z,2:14,18187,0
,MIA,MIN,108,112,Kaseya Center,2023-12-18T19:30:00Z,2:11,19819,1
,SAS,CLE,101,117,Frost Bank Center,2024-02-03T20:30:00Z,2:17,18354,1
,NYK,SAC,120,109,Madison Square Garden,2024-04-04T19:30:00Z,2:28,19812,1
,OKC,HOU,126,132,Paycom Center,2024-03-27T20:00:00Z,2:33,17438,0
,LAL,HOU,105,104,Crypto.com Arena,2023-11-19T21:30:00Z,2:22,18997,1
,BOS,LAC,96,115,TD Garden,2024-01-27T19:00:00Z,2:03,19156,1
,CLE,MIA,104,107,Rocket Mortgage FieldHouse,2024-03-20T19:00:00Z,2:15,19432,1
,OKC,DEN,95,128,Paycom Center,2023-10-29T15:30:00Z,2:00,18203,1
,TOR,CHI,110,116,Scotiabank Arena,2024-01-18T19:30:00Z,2:13,19312,0
,ORL,TOR,111,96,Kia Center,2024-03-17T18:00:00Z,2:10,18846,1
,PHI,DET,120,102,Wells Fargo Center,2024-04-09T19:00:00Z,2:08,19796,1
,ATL,HOU,122,113,State Farm Arena,2024-02-10T19:30:00Z,2:19,17503,1
,LAC,POR,132,127,Crypto.com Arena,2023-12-11T22:30:00Z,2:28,17102,0
,DAL,BOS,110,119,American Airlines Center,2024-01-22T20:30:00Z,2:07,20277,1
,WAS,ATL,108,136,Capital One Arena,2023-11-25T19:00:00Z,2:03,16276,0
,OKC,UTA,119,107,Paycom Center,2024-03-20T20:00:00Z,2:16,18203,0
,DAL,TOR,116,127,American Airlines Center,2023-11-08T20:30:00Z,2:19,20063,1
,SAC,TOR,135,130,Golden 1 Center,2024-01-05T22:00:00Z,2:22,17941,1
,MIN,POR,116,93,Target Center,2024-01-12T20:00:00Z,2:11,18024,1
,LAL,OKC,116,104,Crypto.com Arena,2024-03-04T22:30:00Z,2:05,18997,1
,LAL,POR,116,110,Crypto.com Arena,2023-11-12T22:00:00Z,2:11,18997,1
,MIA,CHA,115,104,Kaseya Center,2023-12-13T19:30:00Z,2:04,19600,1
,PHI,ATL,121,127,Wells Fargo Center,2024-02-09T19:00:00Z,2:23,19758,1
,OKC,SAC,112,105,Paycom Center,2024-04-09T20:00:00Z,2:16,17509,0
,GSW,IND,111,123,Chase Center,2024-03-22T22:00:00Z,2:13,18064,1
,LAC,DEN,104,113,Crypto.com Arena,2023-11-27T22:30:00Z,2:26,17071,0
,ORL,CLE,99,126,Kia Center,2024-01-22T19:00:00Z,2:12,19301,1
,CHI,CHA,104,91,United Center,2024-01-05T20:00:00Z,2:06,21345,1
,SAC,CLE,132,120,Golden 1 Center,2023-11-13T22:00:00Z,2:17,17829,1
,DAL,IND,120,137,American Airlines Center,2024-03-05T20:30:00Z,2:14,20200,1
,POR,BOS,99,121,Moda Center,2024-03-11T22:30:00Z,1:53,18480,0
,ATL,DET,121,113,State Farm Arena,2024-04-03T19:30:00Z,2:07,17899,1
,PHI,DAL,102,118,Wells Fargo Center,2024-02-05T19:00:00Z,2:09,19764,1
,SAS,NOP,110,146,Frost Bank Center,2023-12-17T15:30:00Z,2:06,18354,1
,GSW,LAL,144,145,Chase Center,2024-01-27T20:30:00Z,3:18,18064,1
,MIA,BKN,122,115,Kaseya Center,2023-11-16T19:30:00Z,2:17,19866,1
,UTA,DAL,105,115,Delta Center,2024-03-25T21:00:00Z,2:05,18206,1
,NOP,DET,125,116,Smoothie King Center,2023-11-02T20:00:00Z,2:21,15884,0
,NYK,WAS,113,109,Madison Square Garden,2024-01-18T19:30:00Z,2:25,19466,0
,SAS,HOU,126,122,Frost Bank Center,2023-10-27T20:00:00Z,2:38,18354,1
,WAS,BOS,104,130,Capital One Arena,2024-03-17T18:00:00Z,2:16,20333,1
,NYK,TOR,126,100,Madison Square Garden,2024-01-20T19:30:00Z,2:11,19812,1
,CHA,BKN,110,99,Spectrum Center,2024-03-09T19:00:00Z,2:08,19090,1
,TOR,BKN,88,96,Scotiabank Arena,2024-03-25T19:30:00Z,2:08,18376,0
,DAL,MEM,94,108,American Airlines Center,2023-12-01T19:30:00Z,2:08,20150,1
,IND,PHI,134,122,Gainbridge Fieldhouse,2024-01-25T19:00:00Z,2:30,15699,0
,MEM,HOU,96,103,FedExForum,2023-12-15T20:00:00Z,2:20,16941,0
,CLE,PHI,121,123,Rocket Mortgage FieldHouse,2024-02-12T19:00:00Z,2:22,19432,1
,HOU,SAS,93,82,Toyota Center,2023-12-11T20:00:00Z,2:07,16481,0
,BOS,CHA,131,98,TD Garden,2024-04-12T19:30:00Z,1:57,19156,1
,OKC,DET,124,112,Paycom Center,2023-10-30T20:00:00Z,2:18,16127,0
,ATL,SAS,109,99,State Farm Arena,2024-01-15T15:30:00Z,2:17,17447,1
,BOS,IND,129,124,TD Garden,2024-01-30T19:30:00Z,2:25,19156,1
,CHI,MIA,100,118,United Center,2023-11-20T20:00:00Z,2:09,19258,0
,NOP,MIL,107,100,Smoothie King Center,2024-03-28T20:00:00Z,2:20,17484,1
,DAL,ATL,109,95,American Airlines Center,2024-04-04T19:30:00Z,2:09,20211,1
,BKN,CLE,95,118,Barclays Center,2024-02-08T19:30:00Z,2:03,17304,0
,IND,CHA,144,113,Gainbridge Fieldhouse,2023-12-20T19:00:00Z,2:11,16761,0
,OKC,DAL,126,119,Paycom Center,2024-03-14T22:00:00Z,2:26,18203,1
,DEN,CLE,130,101,Ball Arena,2024-03-31T15:30:00Z,2:07,19621,1
,PHX,GSW,123,115,Footprint Center,2023-11-22T22:00:00Z,2:43,17071,1
,DAL,ORL,131,129,American Airlines Center,2024-01-29T20:30:00Z,2:35,20020,1
,SAC,BOS,119,144,Golden 1 Center,2023-12-20T22:00:00Z,2:11,17874,1
,WAS,MIA,102,110,Capital One Arena,2024-02-02T19:00:00Z,2:24,18308,0
,CHI,MIN,129,123,United Center,2024-02-06T20:00:00Z,2:40,20949,1
,MIN,HOU,113,106,Target Center,2024-04-02T20:00:00Z,2:13,18024,1
,LAC,CLE,120,118,Crypto.com Arena,2024-04-07T15:30:00Z,2:19,19370,1
,PHI,WAS,146,128,Wells Fargo Center,2023-11-06T19:00:00Z,2:14,19765,1
,CHA,SAC,98,123,Spectrum Center,2024-01-10T19:00:00Z,2:03,14173,0
,NYK,DEN,122,84,Madison Square Garden,2024-01-25T19:30:00Z,2:05,19812,1
,MEM,UTA,105,91,FedExForum,2023-11-29T20:00:00Z,2:06,15327,0
,ORL,SAC,107,109,Kia Center,2024-03-23T19:00:00Z,2:18,18307,0
,LAC,PHX,108,124,Crypto.com Arena,2024-04-10T22:30:00Z,2:03,19370,1
,PHX,SAC,130,125,Footprint Center,2024-02-13T22:00:00Z,2:28,17071,1
,SAC,OKC,128,123,Golden 1 Center,2023-12-14T22:00:00Z,2:25,17794,1
,IND,CHA,124,125,Gainbridge Fieldhouse,2023-11-04T19:00:00Z,2:32,15945,0
,TOR,BOS,96,105,Scotiabank Arena,2024-01-15T19:30:00Z,2:06,19278,0
,LAC,SAS,123,83,Crypto.com Arena,2023-10-29T21:00:00Z,2:06,19370,1
,MEM,BKN,86,111,FedExForum,2024-02-26T20:00:00Z,2:13,15417,0
,SAC,NYK,91,98,Golden 1 Center,2024-03-16T22:00:00Z,2:22,18311,1
,LAL,PHX,100,95,Crypto.com Arena,2023-10-26T22:00:00Z,2:27,18997,1
,GSW,MIA,102,114,Chase Center,2023-12-28T22:00:00Z,2:15,18064,1
,MIA,UTA,126,120,Kaseya Center,2024-03-02T17:00:00Z,2:14,19858,1
,DET,HOU,110,112,Little Caesars Arena,2024-01-12T19:30:00Z,2:11,13987,0
,MEM,MIA,102,108,FedExForum,2023-11-08T20:00:00Z,2:29,16781,0
,MIN,NOP,106,117,Target Center,2024-01-03T20:00:00Z,2:11,18024,1
,OKC,SAS,123,87,Paycom Center,2023-11-14T19:30:00Z,2:18,18203,1
,MIA,DET,118,110,Kaseya Center,2024-03-05T19:30:00Z,2:10,19724,1
,DEN,UTA,142,121,Ball Arena,2024-03-09T21:00:00Z,2:12,19632,1
,PHX,GSW,119,116,Footprint Center,2023-12-12T22:00:00Z,2:38,17071,1
,POR,NOP,84,93,Moda Center,2024-02-10T22:00:00Z,2:02,18226,0
,CHI,NYK,117,128,United Center,2024-04-09T20:00:00Z,2:12,21648,1
,ORL,ATL,119,120,Arena CDMX,2023-11-09T21:30:00Z,2:31,19986,1
,DEN,ORL,120,122,Ball Arena,2024-01-05T21:00:00Z,2:15,19659,1
,MIA,OKC,120,128,Kaseya Center,2024-01-10T19:30:00Z,2:14,19636,1
,DAL,PHI,116,120,American Airlines Center,2024-03-03T13:00:00Z,2:25,20277,1
,CLE,PHX,111,117,Rocket Mortgage FieldHouse,2024-03-11T19:30:00Z,2:10,19432,1
,LAC,HOU,106,100,Crypto.com Arena,2023-11-17T22:30:00Z,2:27,19370,1
,ATL,OKC,141,138,State Farm Arena,2024-01-03T19:30:00Z,2:27,17770,1
,POR,CHA,80,93,Moda Center,2024-02-25T21:00:00Z,1:56,17888,0
,NOP,CHA,132,112,Smoothie King Center,2024-01-17T20:00:00Z,2:04,16093,0
,UTA,MEM,133,109,Delta Center,2023-11-01T21:00:00Z,2:22,18206,1
,WAS,BKN,110,104,Capital One Arena,2023-12-29T19:00:00Z,2:05,16825,0
,SAC,GSW,124,123,Golden 1 Center,2023-11-28T22:00:00Z,2:46,18039,1
,MEM,MIN,103,127,FedExForum,2023-12-08T20:00:00Z,2:11,15577,0
,TOR,ORL,103,113,Scotiabank Arena,2024-03-15T19:30:00Z,2:14,19800,1
,CLE,HOU,135,130,Rocket Mortgage FieldHouse,2023-12-18T19:00:00Z,2:42,19432,1
,IND,HOU,132,129,Gainbridge Fieldhouse,2024-02-06T19:00:00Z,2:09,15571,0
,MIN,TOR,133,85,Target Center,2024-04-03T20:00:00Z,1:60,18024,1
,SAS,BOS,101,134,Frost Bank Center,2023-12-31T19:00:00Z,1:57,18886,1
,DET,ATL,120,126,Little Caesars Arena,2023-11-14T19:00:00Z,2:14,16963,0
,SAC,NOP,123,135,Golden 1 Center,2024-04-11T22:00:00Z,2:17,17832,1
,SAS,LAL,129,115,Frost Bank Center,2023-12-15T19:30:00Z,2:14,18354,1
,CHA,IND,111,102,Spectrum Center,2024-02-12T19:00:00Z,2:05,12112,0
,ORL,WAS,130,125,Amway Center,2023-12-01T19:00:00Z,2:30,18846,1
,MIL,CLE,126,116,Fiserv Forum,2024-01-24T20:00:00Z,2:09,17510,1
,NYK,DET,124,99,Madison Square Garden,2024-03-25T19:30:00Z,2:11,19812,1
,OKC,WAS,147,106,Paycom Center,2024-02-23T20:00:00Z,2:04,18203,1
,NYK,DAL,108,122,Madison Square Garden,2024-02-08T19:30:00Z,2:12,19812,1
,ORL,MIA,106,115,Kia Center,2023-12-20T19:00:00Z,2:19,19129,1
,LAL,CLE,116,97,Crypto.com Arena,2024-04-06T15:30:00Z,2:04,18997,1
,CHA,GSW,97,115,Spectrum Center,2024-03-29T19:00:00Z,2:03,19487,1
,GSW,PHI,119,107,Chase Center,2024-01-30T22:00:00Z,2:22,18064,1
,LAC,BOS,108,145,Crypto.com Arena,2023-12-23T15:30:00Z,2:09,19370,1
,SAS,LAC,99,124,Frost Bank Center,2023-11-20T20:00:00Z,2:05,18354,1
,PHI,ATL,125,114,Wells Fargo Center,2023-12-08T19:00:00Z,2:13,19746,1
,HOU,IND,117,123,Toyota Center,2023-12-26T20:00:00Z,2:16,18055,1
,DAL,HOU,121,115,American Airlines Center,2023-11-28T20:30:00Z,2:36,20103,1
,DAL,HOU,147,136,American Airlines Center,2024-04-07T15:30:00Z,2:49,20317,1
,CHI,LAL,124,108,United Center,2023-12-20T20:00:00Z,1:60,21234,1
,BKN,DAL,107,119,Barclays Center,2024-02-06T19:30:00Z,2:11,17732,1
,SAS,LAC,102,109,Frost Bank Center,2023-11-22T20:00:00Z,2:17,18354,1
,SAS,WAS,113,118,Frost Bank Center,2024-01-29T20:00:00Z,2:10,17020,0
,NOP,BOS,92,104,Smoothie King Center,2024-03-30T17:00:00Z,2:02,17932,1
,LAC,LAL,112,116,Crypto.com Arena,2024-02-28T22:00:00Z,2:16,19370,1
,CHA,ATL,122,99,Spectrum Center,2024-02-14T19:00:00Z,2:07,14336,0
,PHI,DET,124,92,Wells Fargo Center,2023-12-15T19:00:00Z,2:11,19761,1
,DET,CHI,105,127,Little Caesars Arena,2024-04-11T19:00:00Z,2:03,20013,0
,CHI,BOS,113,124,United Center,2024-03-23T20:00:00Z,1:59,21198,1
,MIA,TOR,118,103,Kaseya Center,2024-04-14T13:00:00Z,2:07,19600,1
,GSW,SAC,133,134,Chase Center,2024-01-25T22:00:00Z,2:25,18064,1
,NOP,PHI,124,114,Smoothie King Center,2023-11-29T20:00:00Z,2:23,16009,0
,NOP,HOU,127,105,Smoothie King Center,2024-02-22T20:00:00Z,2:19,17421,1
,MIL,PHI,118,117,Fiserv Forum,2023-10-26T19:30:00Z,2:42,17783,1
,DEN,MEM,142,105,Ball Arena,2023-12-28T21:00:00Z,0:00,19733,1
,MIL,PHX,140,129,Fiserv Forum,2024-03-17T13:00:00Z,2:10,17783,1
,ORL,BKN,108,81,Kia Center,2024-02-27T19:00:00Z,2:16,17708,0
,TOR,SAC,89,123,Scotiabank Arena,2024-03-20T19:30:00Z,2:06,18641,0
,UTA,ORL,113,115,Delta Center,2023-11-02T21:00:00Z,2:35,18206,1
,MEM,GSW,116,107,FedExForum,2024-01-15T18:00:00Z,2:22,16612,0
,UTA,SAS,111,118,Delta Center,2024-03-27T21:00:00Z,2:13,18206,1
,SAS,MIN,113,112,Frost Bank Center,2024-01-27T20:30:00Z,2:05,17726,0
,WAS,MIL,129,142,Capital One Arena,2023-11-20T19:00:00Z,2:05,17746,0
,GSW,SAS,113,126,Chase Center,2024-03-09T20:30:00Z,2:24,18064,1
,DAL,POR,126,97,American Airlines Center,2024-01-03T20:30:00Z,2:22,20077,1
,BOS,NYK,114,98,TD Garden,2023-11-13T19:30:00Z,2:12,19156,1
,NOP,DAL,131,110,Smoothie King Center,2023-11-14T20:00:00Z,2:10,16354,0
,MEM,LAC,119,128,FedExForum,2024-01-12T20:00:00Z,2:08,16617,0
,OKC,CLE,128,120,Paycom Center,2023-11-08T20:00:00Z,2:19,16314,0
,CHI,MIL,97,113,United Center,2024-03-01T22:00:00Z,2:24,21249,1
,NOP,DEN,115,110,Smoothie King Center,2023-11-17T20:00:00Z,2:11,15278,0
,SAC,CHA,104,111,Golden 1 Center,2024-01-02T22:00:00Z,2:11,17832,1
,DEN,TOR,125,119,Ball Arena,2024-03-11T21:00:00Z,2:06,19652,1
,BOS,GSW,140,88,TD Garden,2024-03-03T15:30:00Z,2:07,19156,1
,IND,MIL,126,124,Gainbridge Fieldhouse,2023-11-09T19:00:00Z,2:25,14648,0
,ATL,PHI,139,132,State Farm Arena,2024-01-10T19:30:00Z,2:36,16089,0
,NYK,BKN,105,93,Madison Square Garden,2024-03-23T13:00:00Z,2:00,19812,1
,PHI,SAS,133,123,Wells Fargo Center,2024-01-22T19:00:00Z,2:18,20511,1
,DET,LAL,107,133,Little Caesars Arena,2023-11-29T19:00:00Z,2:13,20062,1
,OKC,GSW,138,136,Paycom Center,2023-12-08T20:00:00Z,2:40,17112,0
,POR,NYK,93,105,Moda Center,2024-03-14T22:00:00Z,2:06,17768,0
,CLE,MIL,111,119,Rocket Mortgage FieldHouse,2023-12-29T19:30:00Z,2:16,19432,1
,CHA,ATL,116,110,Spectrum Center,2023-10-25T19:00:00Z,2:22,16129,0
,MIN,OKC,97,102,Target Center,2024-01-20T20:00:00Z,2:24,18024,1
,UTA,GSW,137,140,Delta Center,2024-02-15T21:00:00Z,2:15,18206,1
,GSW,SAC,102,101,Chase Center,2023-11-01T22:00:00Z,2:14,18064,1
,UTA,SAS,128,109,Delta Center,2024-02-25T20:00:00Z,2:13,18206,1
,NYK,TOR,136,130,Madison Square Garden,2023-12-11T19:30:00Z,2:21,19812,1
,SAS,PHX,104,102,Frost Bank Center,2024-03-25T20:00:00Z,2:08,18044,0
,MEM,DEN,111,126,FedExForum,2024-04-14T15:30:00Z,2:10,17544,0
,WAS,UTA,108,123,Capital One Arena,2024-01-25T19:00:00Z,2:02,14027,0
,NOP,SAS,121,106,Smoothie King Center,2023-12-01T20:00:00Z,2:09,17028,1
,TOR,IND,125,127,Scotiabank Arena,2024-02-14T19:30:00Z,2:13,19800,1
,NYK,GSW,99,110,Madison Square Garden,2024-02-29T19:30:00Z,2:18,19812,1
,NYK,LAC,111,97,Madison Square Garden,2023-11-06T19:30:00Z,2:09,19812,1
,DAL,MIN,115,108,American Airlines Center,2024-01-07T19:30:00Z,2:17,20111,1
,DAL,LAC,144,126,American Airlines Center,2023-11-10T20:30:00Z,2:24,20377,1
,GSW,DAL,122,132,Chase Center,2023-12-30T20:30:00Z,2:13,18064,1
,LAC,CHI,112,102,Crypto.com Arena,2024-03-09T16:00:00Z,2:11,19370,1
,WAS,MIA,107,119,Capital One Arena,2024-03-31T18:00:00Z,2:11,16039,0
,ATL,PHX,129,120,State Farm Arena,2024-02-02T19:30:00Z,2:09,16536,0
,HOU,DAL,122,96,Toyota Center,2023-12-22T20:00:00Z,2:10,18055,1
,DAL,NOP,125,120,American Airlines Center,2024-01-15T14:30:00Z,2:29,20010,1
,MEM,DAL,110,125,FedExForum,2023-10-30T20:00:00Z,2:14,15031,0
,PHI,CLE,104,97,Wells Fargo Center,2024-02-23T19:30:00Z,2:20,19938,1
,IND,BOS,122,112,Gainbridge Fieldhouse,2023-12-04T19:30:00Z,2:14,16693,0
,MEM,WAS,109,97,FedExForum,2024-03-12T20:00:00Z,2:05,15291,0
,POR,SAC,130,113,Moda Center,2023-12-26T22:00:00Z,2:06,18585,0
,ORL,BOS,113,96,Amway Center,2023-11-24T14:30:00Z,2:17,18846,1
,UTA,PHI,124,127,Delta Center,2024-02-01T22:00:00Z,2:26,18206,1
,DAL,GSW,108,106,American Airlines Center,2024-04-05T20:30:00Z,2:21,20425,1
,BKN,LAL,104,116,Barclays Center,2024-03-31T18:00:00Z,2:08,18162,1
,ATL,LAL,138,122,State Farm Arena,2024-01-30T19:30:00Z,2:07,17871,1
,ATL,MEM,119,125,State Farm Arena,2023-12-23T19:30:00Z,2:18,17632,1
,OKC,PHI,123,127,Paycom Center,2023-11-25T17:00:00Z,2:33,17125,0
,LAL,SAS,123,118,Crypto.com Arena,2024-02-23T22:30:00Z,2:12,18997,1
,DEN,UTA,110,102,Ball Arena,2023-10-30T21:00:00Z,2:13,19671,1
,UTA,TOR,145,113,Delta Center,2024-01-12T21:30:00Z,2:11,18206,1
,CLE,ATL,128,105,Rocket Mortgage FieldHouse,2023-11-28T19:30:00Z,2:10,19432,1
,PHX,DAL,114,128,Footprint Center,2023-12-25T22:30:00Z,2:25,17071,1
,CHI,LAC,111,126,United Center,2024-03-14T20:00:00Z,1:60,21219,1
,GSW,POR,110,106,Chase Center,2023-12-06T22:00:00Z,2:20,18064,1
,CHA,MIN,117,123,Spectrum Center,2023-12-02T17:00:00Z,2:17,17731,0
,PHI,NYK,96,110,Wells Fargo Center,2024-02-22T19:00:00Z,2:13,21094,1
,SAC,PHX,107,108,Golden 1 Center,2024-04-12T22:30:00Z,2:17,17832,1
,BOS,MIN,127,120,TD Garden,2024-01-10T19:00:00Z,2:38,19156,1
,ORL,DAL,102,117,Amway Center,2023-11-06T19:00:00Z,2:22,19409,1
,TOR,DAL,125,136,Scotiabank Arena,2024-02-28T19:30:00Z,2:09,19800,1
,LAL,SAC,120,130,Crypto.com Arena,2024-03-06T22:30:00Z,2:16,18498,0
,TOR,CLE,124,121,Scotiabank Arena,2024-01-01T19:30:00Z,2:29,19800,1
,MIL,NYK,110,105,Fiserv Forum,2023-11-03T19:30:00Z,2:37,17717,1
,POR,OKC,91,134,Moda Center,2023-11-19T21:00:00Z,1:59,18235,0
,BKN,HOU,106,104,Barclays Center,2024-01-27T18:00:00Z,2:27,17732,1
,CHI,IND,125,99,United Center,2024-03-27T20:00:00Z,2:12,22018,1
,MIA,PHI,105,109,Kaseya Center,2024-04-04T19:30:00Z,2:07,19719,1
,IND,LAC,127,151,Gainbridge Fieldhouse,2023-12-18T19:00:00Z,2:15,16665,0
,CHI,SAC,115,123,United Center,2024-02-03T20:00:00Z,2:14,21579,1
,ORL,NYK,117,108,Kia Center,2023-12-29T19:00:00Z,2:31,19587,1
,ATL,NYK,120,126,State Farm Arena,2023-10-27T19:30:00Z,2:11,17692,1
,SAC,IND,121,126,Golden 1 Center,2024-01-18T22:00:00Z,2:25,17832,1
,HOU,GSW,95,106,Toyota Center,2023-10-29T19:00:00Z,2:17,18055,1
,MIN,DEN,112,115,Target Center,2024-03-19T21:00:00Z,2:12,18024,1
,POR,LAC,103,116,Moda Center,2024-03-20T22:00:00Z,1:59,17504,0
,PHX,CHI,115,113,Footprint Center,2024-01-22T21:00:00Z,2:11,17071,1
,CLE,LAL,115,121,Rocket Mortgage FieldHouse,2023-11-25T19:30:00Z,2:13,19432,1
,GSW,PHX,113,112,Chase Center,2024-02-10T20:30:00Z,2:25,18064,1
,CHI,DEN,106,114,United Center,2023-12-12T20:00:00Z,2:20,20775,0
,TOR,IND,123,140,Scotiabank Arena,2024-04-09T19:00:00Z,2:18,19325,0
,SAS,MIA,113,118,Frost Bank Center,2023-11-12T19:00:00Z,2:08,18036,0
,BKN,PHI,112,107,Barclays Center,2024-03-05T19:30:00Z,2:20,17086,0
,MEM,POR,100,107,FedExForum,2024-03-02T20:00:00Z,2:38,16381,0
,LAL,MEM,113,127,Crypto.com Arena,2024-01-05T22:00:00Z,2:15,18997,1
,IND,POR,110,114,Gainbridge Fieldhouse,2023-11-27T19:00:00Z,2:29,14508,0
,PHX,IND,117,110,Footprint Center,2024-01-21T20:00:00Z,2:18,17071,1
,SAS,MEM,97,99,Frost Bank Center,2024-03-22T20:00:00Z,2:20,17408,0
,HOU,ORL,118,106,Toyota Center,2024-04-09T20:00:00Z,2:12,18055,1
,WAS,NOP,122,142,Capital One Arena,2023-12-13T19:00:00Z,2:08,14080,0
,POR,DET,122,128,Moda Center,2024-02-08T22:00:00Z,2:39,18125,0
,HOU,SAS,114,101,Toyota Center,2024-03-05T20:00:00Z,2:08,16734,0
,NYK,CHI,116,100,Madison Square Garden,2024-01-03T20:30:00Z,2:13,19812,1
,WAS,DAL,117,130,Capital One Arena,2023-11-15T19:00:00Z,2:06,16632,0
,ORL,TOR,126,107,Amway Center,2023-11-21T19:00:00Z,2:10,18846,1
,DAL,POR,139,103,American Airlines Center,2024-01-05T20:30:00Z,2:05,20162,1
,SAC,PHI,108,96,Golden 1 Center,2024-03-25T22:00:00Z,2:21,17832,1
,ATL,TOR,126,125,State Farm Arena,2024-01-28T18:00:00Z,2:20,15658,0
,NOP,MIN,120,121,Smoothie King Center,2023-11-18T19:00:00Z,2:21,15536,0
,ATL,LAC,144,149,State Farm Arena,2024-02-05T19:30:00Z,2:20,17093,1
,MIL,HOU,128,119,Fiserv Forum,2023-12-17T19:00:00Z,2:24,17341,1
,MIL,MEM,101,111,Fiserv Forum,2024-04-03T20:00:00Z,2:05,17420,1
,ATL,CLE,95,116,State Farm Arena,2024-01-20T19:30:00Z,2:03,17047,1
,IND,TOR,122,130,Gainbridge Fieldhouse,2024-02-26T19:00:00Z,2:20,16026,0
,IND,CLE,103,108,Gainbridge Fieldhouse,2024-03-18T19:00:00Z,2:17,17274,1
,BOS,MIA,119,111,TD Garden,2023-10-27T19:30:00Z,2:20,19156,1
,WAS,SAS,127,131,Capital One Arena,2024-01-20T19:00:00Z,2:16,17922,0
,NYK,DET,113,111,Madison Square Garden,2024-02-26T19:30:00Z,2:08,19303,0
,LAC,ATL,93,110,Crypto.com Arena,2024-03-17T21:30:00Z,2:09,19370,0
,CLE,OKC,105,108,Rocket Mortgage FieldHouse,2023-10-27T19:30:00Z,2:28,19432,1
,LAC,IND,116,133,Crypto.com Arena,2024-03-25T22:30:00Z,2:06,19370,1
,IND,MEM,116,110,Gainbridge Fieldhouse,2024-01-28T15:30:00Z,2:15,16519,0
,CHA,NYK,108,122,Spectrum Center,2023-11-18T18:00:00Z,2:02,19171,1
,BKN,GSW,98,109,Barclays Center,2024-02-05T19:30:00Z,2:22,17919,1
,PHX,WAS,112,108,Footprint Center,2023-12-17T20:00:00Z,2:26,17071,1
,BKN,IND,115,111,Barclays Center,2024-04-03T19:30:00Z,2:15,17732,1
,TOR,NOP,98,139,Scotiabank Arena,2024-03-05T19:30:00Z,1:60,18864,0
,HOU,BKN,112,101,Toyota Center,2024-01-03T20:00:00Z,2:15,16563,0
,ATL,NYK,114,116,State Farm Arena,2023-11-15T19:30:00Z,2:17,17060,1
,ATL,IND,152,157,State Farm Arena,2023-11-21T19:30:00Z,2:18,17162,1
,NOP,LAC,95,111,Smoothie King Center,2024-01-05T20:00:00Z,1:59,18329,1
,PHI,LAL,138,94,Wells Fargo Center,2023-11-27T19:00:00Z,2:10,19907,1
,LAL,POR,134,110,Crypto.com Arena,2024-01-21T22:00:00Z,2:04,18997,1
,MIN,CLE,104,91,Target Center,2024-03-22T20:00:00Z,2:02,18024,1
,MEM,SAS,87,102,FedExForum,2024-04-09T20:00:00Z,1:55,16108,0
,DET,PHI,111,129,Little Caesars Arena,2023-12-13T19:00:00Z,2:10,16749,0
,LAL,DEN,106,114,Crypto.com Arena,2024-02-08T22:00:00Z,2:13,18997,1
,PHX,OKC,99,111,Footprint Center,2023-11-12T20:00:00Z,2:15,17071,1
,CLE,BOS,105,104,Rocket Mortgage FieldHouse,2024-03-05T19:30:00Z,2:11,19432,1
,LAL,DEN,114,124,Crypto.com Arena,2024-03-02T20:30:00Z,2:02,18997,1
,GSW,DET,113,109,Chase Center,2024-01-05T22:00:00Z,2:19,18064,1
,PHX,PHI,115,102,Footprint Center,2024-03-20T22:00:00Z,2:04,17071,1
,SAC,ATL,122,107,Golden 1 Center,2024-01-22T22:00:00Z,2:13,17832,1
,UTA,NOP,105,100,Delta Center,2023-11-25T21:30:00Z,2:10,18206,1
,TOR,CLE,95,119,Scotiabank Arena,2024-02-10T19:30:00Z,2:03,19800,1
,DAL,LAL,127,125,American Airlines Center,2023-12-12T19:30:00Z,2:21,20377,1
,ATL,MIA,111,117,State Farm Arena,2024-04-09T19:30:00Z,2:36,17049,1
,LAL,CHA,133,112,Crypto.com Arena,2023-12-28T22:30:00Z,2:04,18997,1
,MEM,DEN,104,108,FedExForum,2023-10-27T19:00:00Z,2:20,16617,0
,MIN,MEM,118,103,Target Center,2024-01-18T22:00:00Z,2:14,18024,1
,MIL,ATL,110,127,Fiserv Forum,2023-10-29T19:00:00Z,2:15,17341,1
,SAS,DAL,107,113,Frost Bank Center,2024-03-19T20:00:00Z,2:14,18354,1
,UTA,PHX,137,140,Delta Center,2023-11-19T20:00:00Z,2:57,18206,1
,DEN,PHI,111,105,Ball Arena,2024-01-27T17:30:00Z,2:23,19805,1
,MEM,LAL,124,136,FedExForum,2024-03-27T20:00:00Z,2:16,17794,1
,PHX,CLE,122,101,Footprint Center,2024-04-03T22:00:00Z,2:12,17071,1
,PHI,CHI,104,108,Wells Fargo Center,2023-12-18T19:00:00Z,2:08,19773,1
,NYK,LAL,105,113,Madison Square Garden,2024-02-03T20:30:00Z,2:18,19812,1
,LAL,TOR,132,131,Crypto.com Arena,2024-01-09T22:30:00Z,2:29,18997,1
,IND,SAS,152,111,Gainbridge Fieldhouse,2023-11-06T19:00:00Z,2:12,15129,0
,MIN,MEM,110,101,Target Center,2024-02-28T20:00:00Z,2:17,18024,1
,POR,OKC,120,128,Moda Center,2024-03-06T22:00:00Z,2:24,17589,0
,HOU,DET,136,113,Toyota Center,2024-01-01T20:00:00Z,2:06,18055,1
,MIA,WAS,121,114,Kaseya Center,2023-11-03T20:00:00Z,2:09,19660,1
,LAC,GSW,113,112,Crypto.com Arena,2023-12-02T16:00:00Z,2:21,19370,1
,TOR,BKN,121,93,Scotiabank Arena,2024-02-22T19:00:00Z,2:13,19800,1
,LAC,UTA,109,110,Crypto.com Arena,2024-04-12T22:30:00Z,2:07,19370,1
,POR,DEN,112,127,Moda Center,2024-02-23T22:00:00Z,2:08,18898,0
,LAL,ORL,106,103,Crypto.com Arena,2023-10-30T22:30:00Z,2:19,18997,1
,SAS,CHA,135,99,Frost Bank Center,2024-01-12T20:00:00Z,2:21,18073,0
,BKN,TOR,115,103,Barclays Center,2023-11-28T19:30:00Z,2:11,15844,0
,MIA,PHI,119,113,Kaseya Center,2023-12-25T20:00:00Z,2:23,20162,1
,HOU,WAS,135,119,Toyota Center,2024-03-14T20:00:00Z,2:05,18055,1
,LAC,DEN,111,102,Crypto.com Arena,2023-12-06T22:00:00Z,2:13,16365,0
,MEM,CLE,101,108,FedExForum,2024-02-01T20:00:00Z,2:14,15505,0
,MIA,NYK,109,99,Kaseya Center,2024-04-02T19:30:00Z,2:16,19857,1
,CHA,LAC,118,130,Spectrum Center,2024-03-31T18:00:00Z,2:13,15941,0
,POR,PHI,130,104,Moda Center,2024-01-29T22:00:00Z,2:12,17128,0
,NOP,HOU,104,106,Smoothie King Center,2023-12-23T19:00:00Z,2:27,17399,1
,LAL,DAL,101,104,Crypto.com Arena,2023-11-22T22:30:00Z,2:12,18997,1
,NYK,ORL,94,98,Madison Square Garden,2024-01-15T15:00:00Z,2:16,19812,1
,MIL,MIA,122,114,Fiserv Forum,2023-10-30T20:00:00Z,2:24,17341,1
,ATL,TOR,121,123,State Farm Arena,2024-02-23T19:30:00Z,2:09,17625,1
,LAL,PHX,106,103,Crypto.com Arena,2023-12-05T22:00:00Z,2:28,18664,0
,OKC,IND,111,121,Paycom Center,2024-03-12T20:00:00Z,2:05,17118,0
,SAS,UTA,118,130,Frost Bank Center,2023-12-26T20:00:00Z,2:16,18579,1
,LAL,UTA,131,99,Crypto.com Arena,2023-11-21T22:00:00Z,2:10,18997,1
,TOR,PHI,120,135,Scotiabank Arena,2024-03-31T18:00:00Z,2:09,19114,0
,IND,SAC,122,133,Gainbridge Fieldhouse,2024-02-02T19:30:00Z,2:18,17274,1
,MIA,ATL,122,113,Kaseya Center,2023-12-22T20:00:00Z,2:19,20029,1
,SAS,OKC,132,118,Frost Bank Center,2024-02-29T20:30:00Z,2:10,18392,1
,MIA,LAL,108,107,Kaseya Center,2023-11-06T19:30:00Z,2:11,19725,1
,SAC,NOP,100,133,Golden 1 Center,2024-01-07T18:00:00Z,1:56,17832,1
,PHX,LAL,119,122,Footprint Center,2023-11-10T22:00:00Z,2:33,17071,0
,WAS,ATL,126,130,Capital One Arena,2023-12-31T15:00:00Z,2:18,17042,0
,POR,HOU,107,123,Moda Center,2024-03-08T22:00:00Z,2:06,18139,0
,ATL,DEN,122,129,State Farm Arena,2023-12-11T19:30:00Z,2:26,17531,1
,HOU,POR,110,92,Toyota Center,2024-03-25T20:00:00Z,2:10,16537,0
,PHI,BKN,107,86,Wells Fargo Center,2024-04-14T13:00:00Z,2:00,20246,1
,BKN,MIN,94,96,Barclays Center,2024-01-25T19:30:00Z,2:16,17732,1
,PHX,DEN,111,119,Footprint Center,2023-12-01T22:00:00Z,2:21,17071,1
,MEM,HOU,121,113,FedExForum,2024-02-14T20:00:00Z,2:23,15012,0
,SAS,CHI,112,121,Frost Bank Center,2023-12-08T20:30:00Z,2:13,18074,0
,CHA,PHX,96,107,Spectrum Center,2024-03-15T19:00:00Z,2:07,18613,0
,BOS,TOR,120,118,TD Garden,2023-12-29T19:30:00Z,2:18,19156,1
,GSW,PHX,104,108,Chase Center,2023-10-24T22:00:00Z,2:32,18064,1
,HOU,UTA,127,126,Toyota Center,2024-01-20T20:00:00Z,2:42,16618,0
,LAL,DAL,127,110,Crypto.com Arena,2024-01-17T20:30:00Z,2:17,18338,0
,LAL,LAC,130,125,Crypto.com Arena,2023-11-01T22:00:00Z,2:46,18997,1
,GSW,DEN,103,119,Chase Center,2024-02-25T19:00:00Z,2:21,18064,1
,LAL,PHI,101,94,Crypto.com Arena,2024-03-22T22:30:00Z,2:19,18997,1
,TOR,MEM,100,108,Scotiabank Arena,2024-01-22T19:30:00Z,2:06,18577,0
,ORL,WAS,139,120,Amway Center,2023-11-29T19:00:00Z,2:13,17109,0
,UTA,PHX,128,131,Delta Center,2023-11-17T22:00:00Z,2:28,18206,1
,CLE,WAS,140,101,Rocket Mortgage FieldHouse,2024-01-03T19:00:00Z,1:57,19432,1
,SAS,GSW,102,112,Frost Bank Center,2024-03-11T20:00:00Z,2:05,18354,1
,MIN,LAC,88,89,Target Center,2024-03-03T15:30:00Z,2:13,18024,1
,SAC,POR,121,118,Golden 1 Center,2023-11-08T22:00:00Z,2:49,17829,1
,IND,WAS,112,104,Gainbridge Fieldhouse,2024-01-10T19:00:00Z,2:17,15721,0
,PHX,BOS,107,117,Footprint Center,2024-03-09T20:30:00Z,2:12,17071,1
,PHX,LAC,122,131,Footprint Center,2024-01-03T21:00:00Z,2:27,17071,1
,TOR,WAS,111,107,Scotiabank Arena,2023-11-13T19:30:00Z,2:14,19800,1
,UTA,POR,115,99,Delta Center,2023-11-14T21:00:00Z,2:03,18206,1
,CHI,GSW,131,140,United Center,2024-01-12T20:00:00Z,2:19,21153,1
,MIN,NOP,122,101,Target Center,2023-11-08T20:00:00Z,2:07,18024,1
,LAC,WAS,140,115,Crypto.com Arena,2024-03-01T22:30:00Z,2:07,19370,1
,DEN,PHX,97,104,Ball Arena,2024-03-27T22:00:00Z,2:18,19827,1
,MIL,NOP,141,117,Fiserv Forum,2024-01-27T20:00:00Z,2:14,17940,1
,DET,DEN,103,107,Little Caesars Arena,2023-11-20T19:00:00Z,2:16,19403,0
,LAC,POR,123,111,Crypto.com Arena,2023-10-25T22:30:00Z,2:10,19370,1
,NOP,UTA,112,105,Smoothie King Center,2023-12-28T20:00:00Z,2:08,17753,1
,DET,MIA,101,104,Little Caesars Arena,2024-03-17T15:00:00Z,2:04,20004,0
,CLE,DAL,121,119,Rocket Mortgage FieldHouse,2024-02-27T19:00:00Z,2:05,19432,1
,BOS,MIL,122,119,TD Garden,2024-03-20T19:30:00Z,2:24,19156,1
,PHX,SAS,121,132,Footprint Center,2023-11-02T22:00:00Z,2:17,17071,1
,CLE,CHI,109,91,Rocket Mortgage FieldHouse,2024-01-15T19:00:00Z,2:10,19432,1
,LAL,DET,125,111,Crypto.com Arena,2024-02-13T22:30:00Z,2:07,18997,1
,CHA,NOP,107,112,Spectrum Center,2023-12-15T19:00:00Z,2:15,16080,0
,BOS,NYK,109,118,TD Garden,2024-04-11T19:30:00Z,2:05,19156,1
,WAS,TOR,112,109,Capital One Arena,2024-03-23T20:00:00Z,2:21,15746,0
,IND,ATL,157,115,Gainbridge Fieldhouse,2024-04-14T13:00:00Z,2:04,17274,1
,LAL,CHI,141,132,Crypto.com Arena,2024-01-25T22:30:00Z,2:15,18997,1
,DEN,HOU,134,124,Ball Arena,2023-11-29T21:00:00Z,2:07,19590,1
,OKC,LAC,129,107,Paycom Center,2024-02-22T20:00:00Z,2:01,18203,1
,CHA,MIL,99,111,Spectrum Center,2024-02-29T19:00:00Z,2:10,18463,0
,DEN,ATL,142,110,Ball Arena,2024-04-06T21:00:00Z,0:00,19639,1
,HOU,ATL,127,134,Toyota Center,2023-12-20T20:00:00Z,2:17,18055,1
,MIA,ORL,121,95,Kaseya Center,2024-02-06T19:30:00Z,2:08,19600,1
,OKC,CHI,116,102,Paycom Center,2023-11-22T20:00:00Z,2:14,18203,0
,OKC,MIN,101,107,Paycom Center,2024-01-29T20:00:00Z,2:10,16870,0
,ORL,MEM,118,88,Kia Center,2024-03-30T19:00:00Z,2:06,18009,0
,BKN,WAS,124,97,Barclays Center,2023-12-08T19:30:00Z,2:10,16587,0
,CHI,ATL,118,113,United Center,2023-12-26T20:00:00Z,2:15,21420,1
,MIN,OKC,106,103,Target Center,2023-11-28T20:00:00Z,2:21,18024,1
,MEM,CHI,110,118,FedExForum,2024-02-08T20:00:00Z,2:14,16285,0
,PHI,MIN,127,113,Wells Fargo Center,2023-12-20T19:00:00Z,2:24,20365,1
,LAC,UTA,131,102,Crypto.com Arena,2024-04-05T22:30:00Z,2:04,19370,1
,IND,LAL,109,90,Gainbridge Fieldhouse,2024-03-29T19:00:00Z,2:06,17274,1
,CHI,TOR,107,118,United Center,2024-01-30T20:00:00Z,2:16,21259,1
,NYK,MIL,111,130,Madison Square Garden,2023-12-23T12:30:00Z,2:11,19812,1
,NOP,SAC,129,93,Smoothie King Center,2023-11-20T20:00:00Z,2:10,16004,0
,MIN,MIL,107,112,Target Center,2024-02-23T22:00:00Z,2:18,18024,1
,PHI,ORL,125,113,Wells Fargo Center,2024-04-12T19:00:00Z,2:21,20149,1
,TOR,ATL,104,125,Scotiabank Arena,2023-12-15T19:30:00Z,2:04,19800,1
,OKC,SAC,127,113,Paycom Center,2024-02-11T15:00:00Z,2:12,17092,0
,BOS,PHI,125,119,TD Garden,2023-12-01T19:30:00Z,2:26,19156,1
,DAL,PHX,109,132,American Airlines Center,2024-01-24T20:30:00Z,2:22,20202,1
,ATL,BOS,120,118,State Farm Arena,2024-03-25T19:30:00Z,2:11,17405,1
,MEM,SAC,92,123,FedExForum,2023-12-31T20:00:00Z,2:06,17794,1
,PHI,IND,126,132,Wells Fargo Center,2023-11-14T19:00:00Z,2:37,19774,1
,LAL,HOU,107,97,Crypto.com Arena,2023-12-02T22:30:00Z,2:17,18997,1
,NOP,WAS,133,126,Smoothie King Center,2024-02-14T20:00:00Z,2:30,18316,1
,NOP,LAL,108,124,Smoothie King Center,2024-04-14T15:30:00Z,2:17,18633,1
,CHA,WAS,116,132,Spectrum Center,2023-11-08T19:00:00Z,2:16,14267,0
,IND,BOS,133,131,Gainbridge Fieldhouse,2024-01-08T19:00:00Z,2:25,16009,0
,PHX,HOU,110,105,Footprint Center,2024-02-29T21:00:00Z,2:26,17071,1
,CLE,MIN,113,104,Rocket Mortgage FieldHouse,2024-03-08T19:30:00Z,2:49,19432,1
,MEM,UTA,121,127,FedExForum,2023-11-10T20:00:00Z,2:22,16977,0
,CHI,PHI,105,92,United Center,2023-12-30T20:00:00Z,2:09,21648,1
,SAS,NOP,113,114,Frost Bank Center,2024-02-02T20:00:00Z,2:13,17207,0
,CHA,BOS,104,118,Spectrum Center,2024-04-01T19:00:00Z,1:54,19238,1
,MIA,POR,142,82,Kaseya Center,2024-03-29T20:00:00Z,1:57,19839,1
,CLE,MIA,96,129,Rocket Mortgage FieldHouse,2023-11-22T19:30:00Z,2:10,19432,1
,HOU,NOP,99,110,Toyota Center,2024-01-31T20:00:00Z,2:14,18055,1
,BKN,DEN,117,122,Barclays Center,2023-12-22T19:30:00Z,2:17,17732,1
,SAC,SAS,127,122,Golden 1 Center,2024-02-22T22:00:00Z,2:03,18153,1
,DEN,IND,117,109,Ball Arena,2024-01-14T15:30:00Z,2:16,19631,1
,SAC,LAL,132,127,Golden 1 Center,2023-10-29T21:00:00Z,2:38,18198,1
,ORL,PHI,92,112,Kia Center,2023-12-27T19:00:00Z,2:15,19179,1
,NYK,MIA,100,98,Madison Square Garden,2023-11-24T19:30:00Z,2:19,19812,1
,SAC,NOP,117,127,Golden 1 Center,2023-12-04T22:00:00Z,2:24,18048,1
,DET,TOR,113,104,Little Caesars Arena,2024-03-13T19:00:00Z,2:19,19313,0
,CHI,ATL,101,113,United Center,2024-04-01T20:00:00Z,2:07,21114,1
,MIN,DAL,121,87,Target Center,2024-01-31T20:00:00Z,2:12,18024,1
,TOR,UTA,119,126,Scotiabank Arena,2023-12-23T19:30:00Z,2:07,19420,0
,TOR,MIL,130,111,Scotiabank Arena,2023-11-01T19:00:00Z,2:20,19800,1
,OKC,ORL,112,100,Paycom Center,2024-01-13T20:00:00Z,2:10,18203,1
,MIN,BKN,101,86,Target Center,2024-02-24T21:00:00Z,2:21,18024,1
,MEM,CHA,98,110,FedExForum,2024-03-13T20:00:00Z,2:05,16717,0
,HOU,OKC,110,101,Toyota Center,2023-12-06T20:00:00Z,2:11,16291,0
,BOS,CHI,124,97,TD Garden,2023-11-28T19:30:00Z,2:01,19156,1
,LAL,BOS,115,126,Crypto.com Arena,2023-12-25T17:00:00Z,2:17,18997,1
,DAL,OKC,120,126,American Airlines Center,2023-12-02T21:00:00Z,2:22,20277,1
,POR,HOU,107,116,Moda Center,2024-04-12T22:00:00Z,2:08,18630,0
,MIA,CLE,121,84,Kaseya Center,2024-03-24T18:00:00Z,2:07,19645,1
,NYK,DET,118,112,Madison Square Garden,2023-11-30T19:30:00Z,2:18,19812,1
,CLE,ORL,109,116,Rocket Mortgage FieldHouse,2024-02-22T19:00:00Z,2:15,19432,1
,MEM,ORL,107,106,FedExForum,2024-01-26T20:00:00Z,2:16,16823,0
,POR,MIA,96,106,Moda Center,2024-02-27T22:00:00Z,2:14,18143,0
,LAC,PHX,138,111,Crypto.com Arena,2024-01-08T22:30:00Z,2:11,19370,1
,SAS,TOR,116,123,Frost Bank Center,2023-11-05T15:30:00Z,2:36,18354,1
,MIL,IND,113,122,Fiserv Forum,2024-01-01T20:00:00Z,2:22,17922,1
,CHI,BKN,107,109,United Center,2023-11-03T20:00:00Z,2:03,20645,0
,GSW,CHI,122,125,Chase Center,2024-03-07T22:00:00Z,2:17,18064,1
,PHI,LAC,107,108,Wells Fargo Center,2024-03-27T19:30:00Z,2:24,21022,1
,MEM,BOS,100,102,FedExForum,2023-11-19T20:00:00Z,2:10,17798,1
,NYK,MIA,125,109,Madison Square Garden,2024-01-27T15:00:00Z,2:23,19812,1
,DEN,DAL,130,104,Ball Arena,2023-12-18T21:00:00Z,2:04,19659,1
,BOS,MEM,131,91,TD Garden,2024-02-04T18:00:00Z,1:57,19156,1
,WAS,POR,102,108,Capital One Arena,2024-04-05T19:00:00Z,2:14,18079,0
,ORL,PHI,109,124,Kia Center,2024-01-19T19:00:00Z,2:17,19063,1
,BKN,NOP,91,104,Barclays Center,2024-03-19T19:30:00Z,2:05,17732,1
,CHI,DET,95,105,United Center,2024-02-27T20:00:00Z,2:05,21089,1
,NOP,NYK,96,87,Smoothie King Center,2023-10-28T19:00:00Z,2:09,16331,0
,IND,DEN,109,114,Gainbridge Fieldhouse,2024-01-23T19:00:00Z,2:16,16004,0
,LAC,DAL,107,88,Crypto.com Arena,2023-11-25T22:30:00Z,2:09,19370,1
,WAS,SAC,109,102,Capital One Arena,2024-03-21T19:00:00Z,2:13,14495,0
,SAS,PHI,126,133,Frost Bank Center,2024-04-07T19:00:00Z,2:52,18046,0
,CHA,MEM,115,106,Spectrum Center,2024-02-10T19:00:00Z,1:56,17259,0
,NOP,MIN,121,107,Smoothie King Center,2023-12-11T20:00:00Z,2:20,16487,0
,MIN,POR,119,114,Target Center,2024-03-04T20:00:00Z,2:17,18024,1
,WAS,NYK,99,120,Capital One Arena,2023-11-17T19:00:00Z,2:18,16886,0
,GSW,DEN,127,130,Chase Center,2024-01-04T22:00:00Z,2:23,18064,1
,HOU,DEN,107,104,Toyota Center,2023-11-12T19:00:00Z,2:10,18055,1
,CLE,SAS,117,115,Rocket Mortgage FieldHouse,2024-01-07T13:00:00Z,2:18,19432,1
,MIA,NOP,88,111,Kaseya Center,2024-03-22T20:00:00Z,1:57,19727,1
,DEN,SAS,132,120,Ball Arena,2023-11-26T20:00:00Z,2:19,19665,1
,WAS,DEN,104,113,Capital One Arena,2024-01-21T18:00:00Z,2:09,17107,0
,PHX,BKN,112,116,Footprint Center,2023-12-13T21:00:00Z,2:20,17071,1
,LAL,NOP,139,122,Crypto.com Arena,2024-02-09T22:30:00Z,2:14,18997,1
,PHX,LAC,92,105,Footprint Center,2024-04-09T22:00:00Z,2:11,17071,1
,PHI,BOS,107,117,Wells Fargo Center,2023-11-15T19:30:00Z,2:09,19773,1
,HOU,LAC,116,122,Toyota Center,2024-03-06T19:30:00Z,2:20,17033,0
,PHX,OKC,110,118,Footprint Center,2024-03-03T21:30:00Z,2:20,17071,1
,BKN,OKC,124,115,Barclays Center,2024-01-05T19:30:00Z,2:22,18147,1
,ORL,PHX,113,98,Kia Center,2024-01-28T18:00:00Z,2:24,18823,0
,MIL,DAL,132,125,Fiserv Forum,2023-11-18T20:00:00Z,2:07,18128,1
,MIA,GSW,92,113,Kaseya Center,2024-03-26T19:30:00Z,2:10,19813,1
,SAC,LAC,109,95,Golden 1 Center,2024-04-02T22:00:00Z,2:12,17832,1
,OKC,TOR,135,127,Paycom Center,2024-02-04T19:00:00Z,2:33,17059,0
,DEN,OKC,117,118,Ball Arena,2023-12-16T21:00:00Z,2:18,19611,1
,PHX,SAC,106,114,Footprint Center,2023-12-08T21:00:00Z,2:15,17071,1
,TOR,MIN,97,94,Scotiabank Arena,2023-10-25T19:30:00Z,2:10,19800,1
,CHA,PHI,89,97,Spectrum Center,2024-01-20T19:00:00Z,2:10,18261,0
,UTA,MIA,117,109,Delta Center,2023-12-30T17:00:00Z,2:19,18206,1
,POR,ORL,97,102,Moda Center,2023-10-27T22:00:00Z,2:19,19464,1
,PHI,MIA,98,91,Wells Fargo Center,2024-03-18T19:30:00Z,2:18,19782,1
,PHI,CHA,121,114,Wells Fargo Center,2024-03-01T19:00:00Z,2:11,19788,1
,MIA,CHI,118,116,Kaseya Center,2023-12-16T20:00:00Z,2:09,19815,1
,MIL,DEN,112,95,Fiserv Forum,2024-02-12T20:00:00Z,2:05,17444,1
,MIA,TOR,125,103,Kaseya Center,2024-04-12T20:00:00Z,2:08,19600,1
,LAC,HOU,105,116,Crypto.com Arena,2024-04-14T15:30:00Z,1:55,19370,1
,CLE,CHA,115,92,Rocket Mortgage FieldHouse,2024-03-25T19:00:00Z,2:04,19432,1
,SAS,ATL,135,137,Frost Bank Center,2023-11-30T20:00:00Z,2:18,17646,0
,UTA,LAL,122,138,Delta Center,2024-02-14T21:00:00Z,2:06,18206,1
,SAS,OKC,114,140,Frost Bank Center,2024-01-24T21:30:00Z,2:14,18130,0
,WAS,PHI,126,131,Capital One Arena,2023-12-06T19:00:00Z,2:07,15568,0
,MIL,WAS,131,128,Fiserv Forum,2023-11-24T20:00:00Z,2:20,17880,1
,OKC,NYK,129,120,Paycom Center,2023-12-27T20:00:00Z,2:15,18203,1
,MEM,DET,108,90,FedExForum,2024-04-05T20:00:00Z,2:01,16745,0
,MIA,SAS,116,104,Kaseya Center,2024-02-07T19:30:00Z,2:09,19652,1
,NOP,MEM,113,115,Smoothie King Center,2023-12-19T19:30:00Z,2:26,18355,1
,CLE,DET,128,121,Rocket Mortgage FieldHouse,2024-01-31T19:00:00Z,2:13,19432,1
,CHA,WAS,117,114,Spectrum Center,2023-11-22T19:00:00Z,2:13,16432,0
,ORL,LAC,97,100,Kia Center,2024-03-29T19:00:00Z,2:11,19452,1
,IND,DAL,133,111,Gainbridge Fieldhouse,2024-02-25T17:00:00Z,2:05,17274,1
,CHI,SAS,114,95,United Center,2023-12-21T20:00:00Z,2:02,20697,0
,CHA,TOR,117,123,Spectrum Center,2024-02-07T19:00:00Z,2:13,11720,0
,TOR,WAS,130,122,Scotiabank Arena,2024-04-07T18:00:00Z,2:24,19502,0
,UTA,HOU,100,101,Delta Center,2024-03-29T21:30:00Z,2:12,18206,1
,NOP,SAC,117,112,Smoothie King Center,2023-11-22T20:00:00Z,2:27,16012,0
,MEM,SAC,94,103,FedExForum,2024-01-29T20:00:00Z,2:01,15333,0
,GSW,POR,126,106,Chase Center,2023-12-23T20:30:00Z,2:09,18064,1
,DET,PHI,106,114,Little Caesars Arena,2023-11-10T19:00:00Z,2:19,18902,0
,LAC,MIA,121,104,Crypto.com Arena,2024-01-01T22:30:00Z,2:10,19370,1
,BKN,TOR,106,102,Barclays Center,2024-04-10T19:30:00Z,2:20,17732,1
,BKN,BOS,110,118,Barclays Center,2024-02-13T19:30:00Z,2:14,18053,1
,DAL,MIN,101,119,American Airlines Center,2023-12-14T20:30:00Z,2:12,20177,1
,ATL,DAL,143,148,State Farm Arena,2024-01-26T19:00:00Z,2:24,16149,0
,SAC,LAC,117,131,Golden 1 Center,2023-11-29T22:00:00Z,2:18,17829,1
,SAS,PHX,106,131,Frost Bank Center,2024-03-23T20:00:00Z,1:59,18354,1
,NOP,POR,126,107,Smoothie King Center,2024-03-16T19:00:00Z,2:09,17725,1
,SAS,DAL,119,126,Frost Bank Center,2023-10-25T21:30:00Z,2:20,18947,1
,GSW,DAL,104,100,Chase Center,2024-04-02T22:00:00Z,2:20,18064,1
,MIN,DAL,118,110,Target Center,2023-12-28T20:00:00Z,2:24,18024,1
,BKN,BOS,114,124,Barclays Center,2023-11-04T20:00:00Z,2:11,17983,1
,PHI,DEN,126,121,Wells Fargo Center,2024-01-16T19:30:00Z,2:28,19775,1
,ATL,UTA,124,97,State Farm Arena,2024-02-27T19:30:00Z,2:05,17129,1
,UTA,DET,154,148,Delta Center,2024-01-03T21:00:00Z,2:43,18206,1
,DEN,LAC,111,108,Ball Arena,2023-11-14T22:00:00Z,2:30,19661,1
,NYK,PHI,73,79,Madison Square Garden,2024-03-10T19:00:00Z,2:19,19812,1
,MIN,SAC,120,124,Target Center,2024-03-01T20:00:00Z,2:37,18024,1
,LAL,PHX,109,127,Crypto.com Arena,2024-01-11T22:00:00Z,2:19,18416,0
,NYK,SAS,126,105,Madison Square Garden,2023-11-08T19:30:00Z,2:12,19812,1
,DEN,NYK,113,100,Ball Arena,2024-03-21T21:00:00Z,2:13,19811,1
,ORL,CHA,130,117,Amway Center,2023-11-26T18:00:00Z,2:16,18846,1
,LAC,LAL,127,116,Crypto.com Arena,2024-01-23T22:00:00Z,2:11,19370,1
,OKC,MEM,124,93,Paycom Center,2024-03-10T19:00:00Z,2:02,18203,1
,SAS,SAC,120,129,Frost Bank Center,2023-11-17T19:30:00Z,2:21,18354,1
,OKC,BOS,127,123,Paycom Center,2024-01-02T20:00:00Z,2:18,18203,1
,LAL,SAC,110,125,Crypto.com Arena,2023-11-15T22:00:00Z,2:13,18687,0
,NYK,CHA,129,107,Madison Square Garden,2023-11-12T12:00:00Z,2:10,19812,1
,CLE,BKN,111,102,Accor Arena,2024-01-11T14:00:00Z,2:31,15887,1
,ORL,DET,113,91,Kia Center,2024-03-03T18:00:00Z,2:11,19459,1
,DEN,OKC,93,119,Ball Arena,2023-12-29T21:00:00Z,2:05,19808,1
,NYK,BOS,104,108,Madison Square Garden,2023-10-25T19:00:00Z,2:40,19812,1
,DEN,HOU,106,114,Ball Arena,2023-12-08T21:00:00Z,2:28,19544,1
,UTA,ATL,124,122,Delta Center,2024-03-15T21:30:00Z,2:12,18206,0
,SAC,MEM,121,111,Golden 1 Center,2024-03-18T22:00:00Z,2:43,17832,1
,NOP,CHI,106,114,Smoothie King Center,2024-02-25T19:00:00Z,2:06,18684,1
,ATL,ORL,106,104,State Farm Arena,2024-01-17T19:30:00Z,2:14,14541,0
,NYK,CLE,89,95,Madison Square Garden,2023-11-01T19:30:00Z,2:22,19812,1
,CHA,CLE,118,111,Spectrum Center,2024-03-27T19:00:00Z,2:10,15303,0
,IND,ORL,116,128,Gainbridge Fieldhouse,2023-11-19T17:00:00Z,2:27,17276,1
,BOS,NOP,118,112,TD Garden,2024-01-29T19:30:00Z,2:08,19156,1
,ORL,GSW,93,101,Kia Center,2024-03-27T19:00:00Z,2:11,19210,1
,BKN,PHI,99,121,Barclays Center,2023-11-19T15:00:00Z,2:07,17934,1
,CLE,LAC,118,108,Rocket Mortgage FieldHouse,2024-01-29T19:00:00Z,2:18,19432,1
,HOU,PHI,127,131,Toyota Center,2023-12-29T20:00:00Z,2:18,18055,1
,IND,WAS,143,120,Gainbridge Fieldhouse,2023-10-25T19:00:00Z,2:07,16004,0
,UTA,LAC,103,117,Delta Center,2023-12-08T22:00:00Z,2:21,18206,1
,HOU,CLE,117,103,Toyota Center,2024-03-16T17:00:00Z,2:02,18055,1
,GSW,NYK,112,119,Chase Center,2024-03-18T22:00:00Z,2:18,18064,1
,HOU,OKC,110,123,Toyota Center,2024-02-25T19:00:00Z,2:11,18055,1
,BOS,SAS,117,98,TD Garden,2024-01-17T19:30:00Z,2:00,19156,1
,OKC,NOP,106,110,Paycom Center,2023-11-01T19:30:00Z,2:32,15764,0
,CLE,BKN,101,120,Rocket Mortgage FieldHouse,2024-03-10T19:00:00Z,2:05,19432,1
,CHI,ORL,97,103,United Center,2023-11-17T20:00:00Z,2:17,20235,0
,GSW,ORL,121,115,Chase Center,2024-01-02T22:00:00Z,2:28,18064,1
,POR,CLE,95,109,Moda Center,2023-11-15T22:00:00Z,2:10,18137,0
,GSW,CLE,110,118,Chase Center,2023-11-11T20:30:00Z,2:48,18064,1
,LAC,TOR,126,120,Crypto.com Arena,2024-01-10T22:30:00Z,2:07,19370,1
,TOR,CHA,111,106,Scotiabank Arena,2024-03-03T18:00:00Z,2:14,19512,0
,DAL,UTA,113,97,American Airlines Center,2024-03-21T20:30:00Z,2:19,20277,1
,MEM,MIN,97,119,FedExForum,2023-11-26T18:00:00Z,2:16,15764,0
,DET,CHA,113,106,Little Caesars Arena,2024-01-24T19:00:00Z,2:10,15020,0
,LAL,MIA,96,110,Crypto.com Arena,2024-01-03T22:00:00Z,2:14,18997,1
,GSW,MIN,101,104,Chase Center,2023-11-14T22:00:00Z,2:26,18064,1
,MIA,WAS,108,110,Kaseya Center,2024-03-10T18:00:00Z,2:13,19730,1
,NOP,IND,129,102,Smoothie King Center,2024-03-01T20:00:00Z,2:10,17898,1
,DAL,NYK,128,124,American Airlines Center,2024-01-11T20:30:00Z,2:24,20040,1
,BKN,LAC,100,93,Barclays Center,2023-11-08T19:30:00Z,2:03,17933,1
,CHI,WAS,127,98,United Center,2024-03-16T20:00:00Z,2:17,21697,1
,UTA,SAC,114,130,Delta Center,2023-10-25T21:00:00Z,2:19,18206,1
,NOP,PHX,109,123,Smoothie King Center,2024-01-19T20:00:00Z,2:08,18686,1
,CHI,IND,104,120,United Center,2023-12-28T20:00:00Z,2:12,21568,1
,HOU,SAC,107,89,Toyota Center,2023-11-04T20:00:00Z,2:07,18055,1
,PHX,SAC,119,117,Footprint Center,2024-01-16T21:00:00Z,2:13,17071,1
,WAS,GSW,112,123,Capital One Arena,2024-02-27T19:00:00Z,2:01,20333,1
,MIA,DAL,92,111,Kaseya Center,2024-04-10T19:30:00Z,2:10,19660,1
,LAC,MIN,100,121,Crypto.com Arena,2024-02-12T22:30:00Z,2:06,19370,1
,MIA,CHI,116,124,Kaseya Center,2023-12-14T19:30:00Z,2:19,19653,1
,CHA,HOU,104,138,Spectrum Center,2024-01-26T19:00:00Z,2:09,16164,0
,CLE,POR,95,103,Rocket Mortgage FieldHouse,2023-11-30T19:00:00Z,2:05,19432,1
,HOU,UTA,147,119,Toyota Center,2024-03-23T20:00:00Z,2:10,18055,1
,WAS,CHA,117,124,Capital One Arena,2023-11-10T19:00:00Z,2:15,17602,0
,PHI,CHI,110,97,Wells Fargo Center,2024-01-02T19:00:00Z,2:16,19772,1
,MEM,IND,116,103,FedExForum,2023-12-21T20:00:00Z,2:15,18160,1
,PHI,GSW,104,127,Wells Fargo Center,2024-02-07T19:30:00Z,2:13,19780,1
,ORL,CHI,113,98,Kia Center,2024-04-07T18:00:00Z,2:12,19276,1
,SAC,DAL,103,107,Golden 1 Center,2024-03-29T22:00:00Z,2:13,17832,1
,MIN,PHI,112,99,Target Center,2023-11-22T20:00:00Z,2:10,18024,1
,HOU,LAL,135,119,Toyota Center,2024-01-29T20:00:00Z,2:13,18055,1
,DAL,SAS,144,119,American Airlines Center,2023-12-23T20:30:00Z,2:08,20409,1
,PHX,LAL,123,113,Footprint Center,2024-02-25T15:30:00Z,2:20,17071,1
,HOU,MIA,104,119,Toyota Center,2024-04-05T20:00:00Z,2:04,18055,1
,LAC,NOP,106,117,Crypto.com Arena,2024-02-07T22:00:00Z,2:17,19370,1
,MIL,SAS,132,119,Fiserv Forum,2023-12-19T20:00:00Z,2:08,17729,1
,CHA,CHI,110,117,Spectrum Center,2024-01-31T19:00:00Z,2:09,13712,0
,GSW,HOU,121,116,Chase Center,2023-11-20T22:00:00Z,2:09,18064,1
,WAS,DET,87,96,Capital One Arena,2024-03-29T19:00:00Z,2:05,15023,0
,ATL,BKN,113,114,State Farm Arena,2023-12-06T19:30:00Z,2:22,15906,0
,HOU,DEN,105,86,Toyota Center,2023-11-24T20:00:00Z,2:07,18055,1
,HOU,PHX,113,129,Toyota Center,2023-12-27T20:00:00Z,2:14,18055,1
,CLE,ATL,127,119,Rocket Mortgage FieldHouse,2023-12-16T19:30:00Z,2:09,19432,1
,MEM,NOP,87,96,FedExForum,2024-02-12T20:00:00Z,2:06,15823,0
,MEM,LAL,120,123,FedExForum,2024-04-12T20:00:00Z,2:20,17794,1
,GSW,UTA,123,116,Chase Center,2024-04-14T15:30:00Z,2:05,18064,1
,LAL,IND,150,145,Crypto.com Arena,2024-03-24T22:00:00Z,2:20,18997,1
,GSW,LAC,120,114,Chase Center,2023-11-30T22:00:00Z,2:24,18064,0
,GSW,LAC,125,130,Chase Center,2024-02-14T22:00:00Z,2:33,18064,1
,HOU,POR,131,137,Toyota Center,2024-01-24T20:00:00Z,2:25,18055,1
,BOS,DAL,138,110,TD Garden,2024-03-01T19:30:00Z,2:08,19156,1
,MIL,IND,119,128,T-Mobile Arena,2023-12-07T17:00:00Z,2:27,16837,0
,MIA,DET,103,102,Kaseya Center,2023-10-25T19:30:00Z,2:14,19695,1
,DET,MIL,135,141,Little Caesars Arena,2024-01-20T15:00:00Z,2:27,19996,0
,LAC,MEM,117,106,Crypto.com Arena,2023-12-29T22:30:00Z,2:15,19370,1
,SAC,GSW,114,122,Golden 1 Center,2023-10-27T22:00:00Z,2:23,18250,1
,BOS,DET,119,94,TD Garden,2024-03-18T19:30:00Z,1:53,19156,1
,DET,OKC,120,104,Little Caesars Arena,2024-01-28T14:00:00Z,1:56,16861,0
,CHI,MIA,102,97,United Center,2023-11-18T20:00:00Z,2:18,18063,0
,MIL,LAL,124,128,Fiserv Forum,2024-03-26T19:30:00Z,3:04,18085,1
,UTA,CLE,113,129,Delta Center,2024-04-02T21:00:00Z,2:06,18206,1
,UTA,MIL,123,108,Delta Center,2024-02-04T20:00:00Z,2:15,18206,1
,POR,DAL,120,131,Moda Center,2023-12-16T21:00:00Z,2:12,18439,0
,TOR,MIL,112,128,Scotiabank Arena,2023-11-15T19:30:00Z,2:15,19800,1
,PHI,MEM,109,115,Wells Fargo Center,2024-03-06T19:30:00Z,2:23,19757,1
,BKN,MEM,102,106,Barclays Center,2024-03-04T19:30:00Z,2:28,15847,0
,IND,ATL,150,116,Gainbridge Fieldhouse,2024-01-05T19:00:00Z,2:04,17274,1
,TOR,OKC,103,123,Scotiabank Arena,2024-03-22T19:00:00Z,2:02,19601,0
,DET,WAS,107,126,Little Caesars Arena,2023-11-27T19:00:00Z,2:18,14346,0
,HOU,BOS,107,116,Toyota Center,2024-01-21T19:00:00Z,2:10,18055,1
,SAS,LAL,119,122,Frost Bank Center,2023-12-13T20:00:00Z,2:14,18354,1
,SAC,DEN,135,106,Golden 1 Center,2024-02-09T22:00:00Z,2:10,17832,1
,POR,NOP,100,110,Moda Center,2024-04-09T22:00:00Z,2:01,18341,0
,MIL,LAC,113,106,Fiserv Forum,2024-03-04T20:00:00Z,2:14,17875,1
,ATL,PHI,116,126,State Farm Arena,2023-11-17T19:30:00Z,2:20,17067,1
,BOS,UTA,126,97,TD Garden,2024-01-05T19:00:00Z,2:10,19156,1
,NOP,DAL,124,136,Smoothie King Center,2023-11-12T19:00:00Z,2:10,16302,0
,HOU,MIL,112,108,Toyota Center,2024-01-06T20:00:00Z,2:38,18055,1
,BKN,NYK,103,108,Barclays Center,2024-01-23T19:30:00Z,2:13,17732,1
,MIL,POR,108,102,Fiserv Forum,2023-11-26T15:30:00Z,2:30,17602,1
,ORL,NOP,121,106,Kia Center,2024-03-21T19:00:00Z,2:09,17094,0
,BKN,SAC,77,107,Barclays Center,2024-04-07T19:30:00Z,2:06,17732,1
,BKN,SAS,123,103,Barclays Center,2024-02-10T18:00:00Z,2:10,18005,1
,MIL,CHI,133,129,Fiserv Forum,2023-12-11T20:00:00Z,2:42,17440,1
,CHA,SAS,124,120,Spectrum Center,2024-01-19T19:00:00Z,2:11,19093,1
,WAS,HOU,114,137,Capital One Arena,2024-03-19T19:00:00Z,2:11,14137,0
,MIN,SAS,114,105,Target Center,2024-02-27T20:00:00Z,1:60,18024,1
,CLE,IND,113,125,Rocket Mortgage FieldHouse,2023-10-28T19:30:00Z,2:10,19432,1
,TOR,NYK,101,145,Scotiabank Arena,2024-03-27T19:30:00Z,2:06,19133,0
,DAL,SAC,113,129,American Airlines Center,2023-11-19T19:30:00Z,2:10,20211,1
,DET,WAS,104,118,Little Caesars Arena,2024-01-27T12:00:00Z,2:08,16922,0
,UTA,BKN,125,108,Delta Center,2023-12-18T21:00:00Z,2:10,18206,1
,CHA,IND,99,115,Spectrum Center,2024-02-04T18:00:00Z,2:15,15687,0
,IND,OKC,126,112,Gainbridge Fieldhouse,2024-04-05T19:00:00Z,2:12,17274,1
,IND,NOP,123,114,Gainbridge Fieldhouse,2024-02-28T19:30:00Z,2:16,16010,0
,MIL,UTA,116,132,Fiserv Forum,2024-01-08T20:00:00Z,2:10,17341,1
,DET,PHX,106,120,Little Caesars Arena,2023-11-05T15:00:00Z,2:21,20062,1
,DEN,CHA,111,93,Ball Arena,2024-01-01T21:00:00Z,2:02,19625,1
,OKC,GSW,139,141,Paycom Center,2023-11-03T20:00:00Z,2:40,16827,0
,DEN,BOS,115,109,Ball Arena,2024-03-07T22:00:00Z,2:25,19855,1
,MIL,ATL,132,121,Fiserv Forum,2023-12-02T20:00:00Z,2:04,17866,1
,GSW,NOP,109,114,Chase Center,2024-04-12T22:00:00Z,2:12,18064,1
,LAC,PHI,107,121,Crypto.com Arena,2024-03-24T15:30:00Z,2:02,19370,1
,CHI,MIL,120,113,United Center,2023-11-30T20:00:00Z,2:36,19838,0
,IND,DET,129,115,Gainbridge Fieldhouse,2024-02-22T19:00:00Z,2:08,16506,0
,MIL,CLE,100,112,Fiserv Forum,2024-01-26T20:00:00Z,2:28,17855,1
,ATL,WAS,130,121,State Farm Arena,2023-11-01T19:30:00Z,2:10,15925,0
,DAL,NOP,108,118,American Airlines Center,2024-01-13T20:30:00Z,2:10,20155,1
,DET,ORL,109,112,Little Caesars Arena,2024-02-24T20:00:00Z,2:10,19388,0
,NOP,CLE,95,116,Smoothie King Center,2024-03-13T20:00:00Z,1:57,17727,1
,DAL,UTA,147,97,American Airlines Center,2023-12-06T20:30:00Z,2:02,19877,1
,LAC,NOP,106,116,Crypto.com Arena,2023-11-24T22:30:00Z,2:20,19370,1
,DEN,GSW,120,114,Ball Arena,2023-12-25T14:30:00Z,2:23,19811,1
,ORL,POR,104,103,Kia Center,2024-04-01T19:00:00Z,2:12,19004,1
,SAS,ORL,98,108,Frost Bank Center,2024-01-31T20:00:00Z,2:11,17081,0
,BKN,DET,126,115,Barclays Center,2023-12-23T19:30:00Z,2:20,17732,1
,GSW,LAL,128,110,Chase Center,2024-02-22T22:00:00Z,2:15,18064,1
,MIA,CHA,104,87,Kaseya Center,2024-01-14T18:00:00Z,2:14,19831,1
,CHA,BKN,121,133,Spectrum Center,2023-10-30T19:00:00Z,2:12,14491,0
,LAC,CHA,113,104,Crypto.com Arena,2023-12-26T22:30:00Z,2:06,19370,1
,MEM,PHX,89,110,FedExForum,2023-11-24T17:00:00Z,2:05,17794,1
,CLE,ORL,121,111,Rocket Mortgage FieldHouse,2023-12-06T19:00:00Z,2:25,19432,1
,ORL,BKN,114,106,Kia Center,2024-03-13T19:00:00Z,2:17,18846,1
,DEN,POR,120,108,Ball Arena,2024-02-02T21:00:00Z,2:07,19622,0
,SAC,UTA,127,106,Golden 1 Center,2024-03-31T21:00:00Z,2:13,18332,1
,OKC,PHX,128,103,Paycom Center,2024-03-29T20:00:00Z,2:10,18203,1
,BOS,MIL,119,116,TD Garden,2023-11-22T19:30:00Z,2:13,19156,1
,MIA,SAC,115,106,Kaseya Center,2024-01-31T19:30:00Z,2:06,19600,1
,PHI,TOR,121,111,Wells Fargo Center,2023-12-22T19:00:00Z,2:13,20230,1
,DEN,NOP,134,116,Ball Arena,2023-11-06T21:00:00Z,2:09,19544,1
,CHA,CHI,112,119,Spectrum Center,2024-01-08T19:00:00Z,2:19,14418,0
,DEN,MIA,103,97,Ball Arena,2024-02-29T22:00:00Z,2:30,19634,1
,WAS,CHA,112,100,Capital One Arena,2024-03-08T19:00:00Z,2:08,18778,0
,SAS,MIN,110,117,Frost Bank Center,2023-11-10T20:00:00Z,2:18,18354,1
,MIN,LAL,108,106,Target Center,2023-12-30T20:00:00Z,2:29,18024,1
,SAC,DEN,123,117,Golden 1 Center,2023-12-02T22:00:00Z,2:14,17829,1
,DAL,SAS,116,93,American Airlines Center,2024-02-14T20:30:00Z,1:57,20311,1
,MIN,PHX,106,125,Target Center,2024-04-14T15:30:00Z,2:12,18024,1
